method_id,trajectory_id,checkpoint,visible_prefix_size,retrieved_evidence_count,visible_prefix_recall,visible_prefix_complete
fc_openrouter_gpt_oss_120b,traj_001,15,15,15,1.0,True
fc_openrouter_gpt_oss_120b,traj_001,30,30,30,1.0,True
fc_openrouter_gpt_oss_120b,traj_001,45,45,45,1.0,True
fc_openrouter_gpt_oss_120b,traj_001,60,60,60,1.0,True
fc_openrouter_gpt_oss_120b,traj_001,75,75,75,1.0,True
fc_openrouter_gpt_oss_120b,traj_001,90,90,90,1.0,True
fc_openrouter_gpt_oss_120b,traj_001,105,105,105,1.0,True
fc_openrouter_gpt_oss_120b,traj_001,120,120,120,1.0,True
fc_openrouter_gpt_oss_120b,traj_001,135,135,135,1.0,True
fc_openrouter_gpt_oss_120b,traj_001,150,150,150,1.0,True
fc_openrouter_gpt_oss_120b,traj_001,165,165,165,1.0,True
fc_openrouter_gpt_oss_120b,traj_001,180,180,180,1.0,True
fc_openrouter_gpt_oss_120b,traj_001,195,195,195,1.0,True
fc_openrouter_gpt_oss_120b,traj_001,210,210,210,1.0,True
fc_openrouter_gpt_oss_120b,traj_001,225,225,225,1.0,True
fc_openrouter_gpt_oss_120b,traj_001,240,240,240,1.0,True
fc_openrouter_gpt_oss_120b,traj_001,255,255,255,1.0,True
fc_openrouter_gpt_oss_120b,traj_001,270,270,270,1.0,True
fc_openrouter_gpt_oss_120b,traj_001,285,285,285,1.0,True
fc_openrouter_gpt_oss_120b,traj_001,300,300,300,1.0,True
fc_openrouter_gpt_oss_120b,traj_002,15,15,15,1.0,True
fc_openrouter_gpt_oss_120b,traj_002,30,30,30,1.0,True
fc_openrouter_gpt_oss_120b,traj_002,45,45,45,1.0,True
fc_openrouter_gpt_oss_120b,traj_002,60,60,60,1.0,True
fc_openrouter_gpt_oss_120b,traj_002,75,75,75,1.0,True
fc_openrouter_gpt_oss_120b,traj_002,90,90,90,1.0,True
fc_openrouter_gpt_oss_120b,traj_002,105,105,105,1.0,True
fc_openrouter_gpt_oss_120b,traj_002,120,120,120,1.0,True
fc_openrouter_gpt_oss_120b,traj_002,135,135,135,1.0,True
fc_openrouter_gpt_oss_120b,traj_002,150,150,150,1.0,True
fc_openrouter_gpt_oss_120b,traj_002,165,165,165,1.0,True
fc_openrouter_gpt_oss_120b,traj_002,180,180,180,1.0,True
fc_openrouter_gpt_oss_120b,traj_002,195,195,195,1.0,True
fc_openrouter_gpt_oss_120b,traj_002,210,210,210,1.0,True
fc_openrouter_gpt_oss_120b,traj_002,225,225,225,1.0,True
fc_openrouter_gpt_oss_120b,traj_002,240,240,240,1.0,True
fc_openrouter_gpt_oss_120b,traj_002,255,255,255,1.0,True
fc_openrouter_gpt_oss_120b,traj_002,270,270,270,1.0,True
fc_openrouter_gpt_oss_120b,traj_002,285,285,285,1.0,True
fc_openrouter_gpt_oss_120b,traj_002,300,300,300,1.0,True
fc_openrouter_gpt_oss_120b,traj_003,15,15,15,1.0,True
fc_openrouter_gpt_oss_120b,traj_003,30,30,30,1.0,True
fc_openrouter_gpt_oss_120b,traj_003,45,45,45,1.0,True
fc_openrouter_gpt_oss_120b,traj_003,60,60,60,1.0,True
fc_openrouter_gpt_oss_120b,traj_003,75,75,75,1.0,True
fc_openrouter_gpt_oss_120b,traj_003,90,90,90,1.0,True
fc_openrouter_gpt_oss_120b,traj_003,105,105,105,1.0,True
fc_openrouter_gpt_oss_120b,traj_003,120,120,120,1.0,True
fc_openrouter_gpt_oss_120b,traj_003,135,135,135,1.0,True
fc_openrouter_gpt_oss_120b,traj_003,150,150,150,1.0,True
fc_openrouter_gpt_oss_120b,traj_003,165,165,165,1.0,True
fc_openrouter_gpt_oss_120b,traj_003,180,180,180,1.0,True
fc_openrouter_gpt_oss_120b,traj_003,195,195,195,1.0,True
fc_openrouter_gpt_oss_120b,traj_003,210,210,210,1.0,True
fc_openrouter_gpt_oss_120b,traj_003,225,225,225,1.0,True
fc_openrouter_gpt_oss_120b,traj_003,240,240,240,1.0,True
fc_openrouter_gpt_oss_120b,traj_003,255,255,255,1.0,True
fc_openrouter_gpt_oss_120b,traj_003,270,270,270,1.0,True
fc_openrouter_gpt_oss_120b,traj_003,285,285,285,1.0,True
fc_openrouter_gpt_oss_120b,traj_003,300,300,300,1.0,True
fc_openrouter_gpt_oss_120b,traj_004,15,15,15,1.0,True
fc_openrouter_gpt_oss_120b,traj_004,30,30,30,1.0,True
fc_openrouter_gpt_oss_120b,traj_004,45,45,45,1.0,True
fc_openrouter_gpt_oss_120b,traj_004,60,60,60,1.0,True
fc_openrouter_gpt_oss_120b,traj_004,75,75,75,1.0,True
fc_openrouter_gpt_oss_120b,traj_004,90,90,90,1.0,True
fc_openrouter_gpt_oss_120b,traj_004,105,105,105,1.0,True
fc_openrouter_gpt_oss_120b,traj_004,120,120,120,1.0,True
fc_openrouter_gpt_oss_120b,traj_004,135,135,135,1.0,True
fc_openrouter_gpt_oss_120b,traj_004,150,150,150,1.0,True
fc_openrouter_gpt_oss_120b,traj_004,165,165,165,1.0,True
fc_openrouter_gpt_oss_120b,traj_004,180,180,180,1.0,True
fc_openrouter_gpt_oss_120b,traj_004,195,195,195,1.0,True
fc_openrouter_gpt_oss_120b,traj_004,210,210,210,1.0,True
fc_openrouter_gpt_oss_120b,traj_004,225,225,225,1.0,True
fc_openrouter_gpt_oss_120b,traj_004,240,240,240,1.0,True
fc_openrouter_gpt_oss_120b,traj_004,255,255,255,1.0,True
fc_openrouter_gpt_oss_120b,traj_004,270,270,270,1.0,True
fc_openrouter_gpt_oss_120b,traj_004,285,285,285,1.0,True
fc_openrouter_gpt_oss_120b,traj_004,300,300,300,1.0,True
fc_openrouter_gpt_oss_120b,traj_005,15,15,15,1.0,True
fc_openrouter_gpt_oss_120b,traj_005,30,30,30,1.0,True
fc_openrouter_gpt_oss_120b,traj_005,45,45,45,1.0,True
fc_openrouter_gpt_oss_120b,traj_005,60,60,60,1.0,True
fc_openrouter_gpt_oss_120b,traj_005,75,75,75,1.0,True
fc_openrouter_gpt_oss_120b,traj_005,90,90,90,1.0,True
fc_openrouter_gpt_oss_120b,traj_005,105,105,105,1.0,True
fc_openrouter_gpt_oss_120b,traj_005,120,120,120,1.0,True
fc_openrouter_gpt_oss_120b,traj_005,135,135,135,1.0,True
fc_openrouter_gpt_oss_120b,traj_005,150,150,150,1.0,True
fc_openrouter_gpt_oss_120b,traj_005,165,165,165,1.0,True
fc_openrouter_gpt_oss_120b,traj_005,180,180,180,1.0,True
fc_openrouter_gpt_oss_120b,traj_005,195,195,195,1.0,True
fc_openrouter_gpt_oss_120b,traj_005,210,210,210,1.0,True
fc_openrouter_gpt_oss_120b,traj_005,225,225,225,1.0,True
fc_openrouter_gpt_oss_120b,traj_005,240,240,240,1.0,True
fc_openrouter_gpt_oss_120b,traj_005,255,255,255,1.0,True
fc_openrouter_gpt_oss_120b,traj_005,270,270,270,1.0,True
fc_openrouter_gpt_oss_120b,traj_005,285,285,285,1.0,True
fc_openrouter_gpt_oss_120b,traj_005,300,300,300,1.0,True
fc_openrouter_gpt_oss_120b,traj_006,15,15,15,1.0,True
fc_openrouter_gpt_oss_120b,traj_006,30,30,30,1.0,True
fc_openrouter_gpt_oss_120b,traj_006,45,45,45,1.0,True
fc_openrouter_gpt_oss_120b,traj_006,60,60,60,1.0,True
fc_openrouter_gpt_oss_120b,traj_006,75,75,75,1.0,True
fc_openrouter_gpt_oss_120b,traj_006,90,90,90,1.0,True
fc_openrouter_gpt_oss_120b,traj_006,105,105,105,1.0,True
fc_openrouter_gpt_oss_120b,traj_006,120,120,120,1.0,True
fc_openrouter_gpt_oss_120b,traj_006,135,135,135,1.0,True
fc_openrouter_gpt_oss_120b,traj_006,150,150,150,1.0,True
fc_openrouter_gpt_oss_120b,traj_006,165,165,165,1.0,True
fc_openrouter_gpt_oss_120b,traj_006,180,180,180,1.0,True
fc_openrouter_gpt_oss_120b,traj_006,195,195,195,1.0,True
fc_openrouter_gpt_oss_120b,traj_006,210,210,210,1.0,True
fc_openrouter_gpt_oss_120b,traj_006,225,225,225,1.0,True
fc_openrouter_gpt_oss_120b,traj_006,240,240,240,1.0,True
fc_openrouter_gpt_oss_120b,traj_006,255,255,255,1.0,True
fc_openrouter_gpt_oss_120b,traj_006,270,270,270,1.0,True
fc_openrouter_gpt_oss_120b,traj_006,285,285,285,1.0,True
fc_openrouter_gpt_oss_120b,traj_006,300,300,300,1.0,True
fc_openrouter_gpt_oss_120b,traj_007,15,15,15,1.0,True
fc_openrouter_gpt_oss_120b,traj_007,30,30,30,1.0,True
fc_openrouter_gpt_oss_120b,traj_007,45,45,45,1.0,True
fc_openrouter_gpt_oss_120b,traj_007,60,60,60,1.0,True
fc_openrouter_gpt_oss_120b,traj_007,75,75,75,1.0,True
fc_openrouter_gpt_oss_120b,traj_007,90,90,90,1.0,True
fc_openrouter_gpt_oss_120b,traj_007,105,105,105,1.0,True
fc_openrouter_gpt_oss_120b,traj_007,120,120,120,1.0,True
fc_openrouter_gpt_oss_120b,traj_007,135,135,135,1.0,True
fc_openrouter_gpt_oss_120b,traj_007,150,150,150,1.0,True
fc_openrouter_gpt_oss_120b,traj_007,165,165,165,1.0,True
fc_openrouter_gpt_oss_120b,traj_007,180,180,180,1.0,True
fc_openrouter_gpt_oss_120b,traj_007,195,195,195,1.0,True
fc_openrouter_gpt_oss_120b,traj_007,210,210,210,1.0,True
fc_openrouter_gpt_oss_120b,traj_007,225,225,225,1.0,True
fc_openrouter_gpt_oss_120b,traj_007,240,240,240,1.0,True
fc_openrouter_gpt_oss_120b,traj_007,255,255,255,1.0,True
fc_openrouter_gpt_oss_120b,traj_007,270,270,270,1.0,True
fc_openrouter_gpt_oss_120b,traj_007,285,285,285,1.0,True
fc_openrouter_gpt_oss_120b,traj_007,300,300,300,1.0,True
fc_openrouter_gpt_oss_120b,traj_008,15,15,15,1.0,True
fc_openrouter_gpt_oss_120b,traj_008,30,30,30,1.0,True
fc_openrouter_gpt_oss_120b,traj_008,45,45,45,1.0,True
fc_openrouter_gpt_oss_120b,traj_008,60,60,60,1.0,True
fc_openrouter_gpt_oss_120b,traj_008,75,75,75,1.0,True
fc_openrouter_gpt_oss_120b,traj_008,90,90,90,1.0,True
fc_openrouter_gpt_oss_120b,traj_008,105,105,105,1.0,True
fc_openrouter_gpt_oss_120b,traj_008,120,120,120,1.0,True
fc_openrouter_gpt_oss_120b,traj_008,135,135,135,1.0,True
fc_openrouter_gpt_oss_120b,traj_008,150,150,150,1.0,True
fc_openrouter_gpt_oss_120b,traj_008,165,165,165,1.0,True
fc_openrouter_gpt_oss_120b,traj_008,180,180,180,1.0,True
fc_openrouter_gpt_oss_120b,traj_008,195,195,195,1.0,True
fc_openrouter_gpt_oss_120b,traj_008,210,210,210,1.0,True
fc_openrouter_gpt_oss_120b,traj_008,225,225,225,1.0,True
fc_openrouter_gpt_oss_120b,traj_008,240,240,240,1.0,True
fc_openrouter_gpt_oss_120b,traj_008,255,255,255,1.0,True
fc_openrouter_gpt_oss_120b,traj_008,270,270,270,1.0,True
fc_openrouter_gpt_oss_120b,traj_008,285,285,285,1.0,True
fc_openrouter_gpt_oss_120b,traj_008,300,300,300,1.0,True
fc_openrouter_gpt_oss_120b,traj_009,15,15,15,1.0,True
fc_openrouter_gpt_oss_120b,traj_009,30,30,30,1.0,True
fc_openrouter_gpt_oss_120b,traj_009,45,45,45,1.0,True
fc_openrouter_gpt_oss_120b,traj_009,60,60,60,1.0,True
fc_openrouter_gpt_oss_120b,traj_009,75,75,75,1.0,True
fc_openrouter_gpt_oss_120b,traj_009,90,90,90,1.0,True
fc_openrouter_gpt_oss_120b,traj_009,105,105,105,1.0,True
fc_openrouter_gpt_oss_120b,traj_009,120,120,120,1.0,True
fc_openrouter_gpt_oss_120b,traj_009,135,135,135,1.0,True
fc_openrouter_gpt_oss_120b,traj_009,150,150,150,1.0,True
fc_openrouter_gpt_oss_120b,traj_009,165,165,165,1.0,True
fc_openrouter_gpt_oss_120b,traj_009,180,180,180,1.0,True
fc_openrouter_gpt_oss_120b,traj_009,195,195,195,1.0,True
fc_openrouter_gpt_oss_120b,traj_009,210,210,210,1.0,True
fc_openrouter_gpt_oss_120b,traj_009,225,225,225,1.0,True
fc_openrouter_gpt_oss_120b,traj_009,240,240,240,1.0,True
fc_openrouter_gpt_oss_120b,traj_009,255,255,255,1.0,True
fc_openrouter_gpt_oss_120b,traj_009,270,270,270,1.0,True
fc_openrouter_gpt_oss_120b,traj_009,285,285,285,1.0,True
fc_openrouter_gpt_oss_120b,traj_009,300,300,300,1.0,True
fc_openrouter_gpt_oss_120b,traj_010,15,15,15,1.0,True
fc_openrouter_gpt_oss_120b,traj_010,30,30,30,1.0,True
fc_openrouter_gpt_oss_120b,traj_010,45,45,45,1.0,True
fc_openrouter_gpt_oss_120b,traj_010,60,60,60,1.0,True
fc_openrouter_gpt_oss_120b,traj_010,75,75,75,1.0,True
fc_openrouter_gpt_oss_120b,traj_010,90,90,90,1.0,True
fc_openrouter_gpt_oss_120b,traj_010,105,105,105,1.0,True
fc_openrouter_gpt_oss_120b,traj_010,120,120,120,1.0,True
fc_openrouter_gpt_oss_120b,traj_010,135,135,135,1.0,True
fc_openrouter_gpt_oss_120b,traj_010,150,150,150,1.0,True
fc_openrouter_gpt_oss_120b,traj_010,165,165,165,1.0,True
fc_openrouter_gpt_oss_120b,traj_010,180,180,180,1.0,True
fc_openrouter_gpt_oss_120b,traj_010,195,195,195,1.0,True
fc_openrouter_gpt_oss_120b,traj_010,210,210,210,1.0,True
fc_openrouter_gpt_oss_120b,traj_010,225,225,225,1.0,True
fc_openrouter_gpt_oss_120b,traj_010,240,240,240,1.0,True
fc_openrouter_gpt_oss_120b,traj_010,255,255,255,1.0,True
fc_openrouter_gpt_oss_120b,traj_010,270,270,270,1.0,True
fc_openrouter_gpt_oss_120b,traj_010,285,285,285,1.0,True
fc_openrouter_gpt_oss_120b,traj_010,300,300,300,1.0,True
fc_openrouter_gpt_oss_120b,traj_011,15,15,15,1.0,True
fc_openrouter_gpt_oss_120b,traj_011,30,30,30,1.0,True
fc_openrouter_gpt_oss_120b,traj_011,45,45,45,1.0,True
fc_openrouter_gpt_oss_120b,traj_011,60,60,60,1.0,True
fc_openrouter_gpt_oss_120b,traj_011,75,75,75,1.0,True
fc_openrouter_gpt_oss_120b,traj_011,90,90,90,1.0,True
fc_openrouter_gpt_oss_120b,traj_011,105,105,105,1.0,True
fc_openrouter_gpt_oss_120b,traj_011,120,120,120,1.0,True
fc_openrouter_gpt_oss_120b,traj_011,135,135,135,1.0,True
fc_openrouter_gpt_oss_120b,traj_011,150,150,150,1.0,True
fc_openrouter_gpt_oss_120b,traj_011,165,165,165,1.0,True
fc_openrouter_gpt_oss_120b,traj_011,180,180,180,1.0,True
fc_openrouter_gpt_oss_120b,traj_011,195,195,195,1.0,True
fc_openrouter_gpt_oss_120b,traj_011,210,210,210,1.0,True
fc_openrouter_gpt_oss_120b,traj_011,225,225,225,1.0,True
fc_openrouter_gpt_oss_120b,traj_011,240,240,240,1.0,True
fc_openrouter_gpt_oss_120b,traj_011,255,255,255,1.0,True
fc_openrouter_gpt_oss_120b,traj_011,270,270,270,1.0,True
fc_openrouter_gpt_oss_120b,traj_011,285,285,285,1.0,True
fc_openrouter_gpt_oss_120b,traj_011,300,300,300,1.0,True
fc_openrouter_gpt_oss_120b,traj_012,15,15,15,1.0,True
fc_openrouter_gpt_oss_120b,traj_012,30,30,30,1.0,True
fc_openrouter_gpt_oss_120b,traj_012,45,45,45,1.0,True
fc_openrouter_gpt_oss_120b,traj_012,60,60,60,1.0,True
fc_openrouter_gpt_oss_120b,traj_012,75,75,75,1.0,True
fc_openrouter_gpt_oss_120b,traj_012,90,90,90,1.0,True
fc_openrouter_gpt_oss_120b,traj_012,105,105,105,1.0,True
fc_openrouter_gpt_oss_120b,traj_012,120,120,120,1.0,True
fc_openrouter_gpt_oss_120b,traj_012,135,135,135,1.0,True
fc_openrouter_gpt_oss_120b,traj_012,150,150,150,1.0,True
fc_openrouter_gpt_oss_120b,traj_012,165,165,165,1.0,True
fc_openrouter_gpt_oss_120b,traj_012,180,180,180,1.0,True
fc_openrouter_gpt_oss_120b,traj_012,195,195,195,1.0,True
fc_openrouter_gpt_oss_120b,traj_012,210,210,210,1.0,True
fc_openrouter_gpt_oss_120b,traj_012,225,225,225,1.0,True
fc_openrouter_gpt_oss_120b,traj_012,240,240,240,1.0,True
fc_openrouter_gpt_oss_120b,traj_012,255,255,255,1.0,True
fc_openrouter_gpt_oss_120b,traj_012,270,270,270,1.0,True
fc_openrouter_gpt_oss_120b,traj_012,285,285,285,1.0,True
fc_openrouter_gpt_oss_120b,traj_012,300,300,300,1.0,True
fc_openrouter_gpt_oss_120b,traj_013,15,15,15,1.0,True
fc_openrouter_gpt_oss_120b,traj_013,30,30,30,1.0,True
fc_openrouter_gpt_oss_120b,traj_013,45,45,45,1.0,True
fc_openrouter_gpt_oss_120b,traj_013,60,60,60,1.0,True
fc_openrouter_gpt_oss_120b,traj_013,75,75,75,1.0,True
fc_openrouter_gpt_oss_120b,traj_013,90,90,90,1.0,True
fc_openrouter_gpt_oss_120b,traj_013,105,105,105,1.0,True
fc_openrouter_gpt_oss_120b,traj_013,120,120,120,1.0,True
fc_openrouter_gpt_oss_120b,traj_013,135,135,135,1.0,True
fc_openrouter_gpt_oss_120b,traj_013,150,150,150,1.0,True
fc_openrouter_gpt_oss_120b,traj_013,165,165,165,1.0,True
fc_openrouter_gpt_oss_120b,traj_013,180,180,180,1.0,True
fc_openrouter_gpt_oss_120b,traj_013,195,195,195,1.0,True
fc_openrouter_gpt_oss_120b,traj_013,210,210,210,1.0,True
fc_openrouter_gpt_oss_120b,traj_013,225,225,225,1.0,True
fc_openrouter_gpt_oss_120b,traj_013,240,240,240,1.0,True
fc_openrouter_gpt_oss_120b,traj_013,255,255,255,1.0,True
fc_openrouter_gpt_oss_120b,traj_013,270,270,270,1.0,True
fc_openrouter_gpt_oss_120b,traj_013,285,285,285,1.0,True
fc_openrouter_gpt_oss_120b,traj_013,300,300,300,1.0,True
fc_openrouter_gpt_oss_120b,traj_014,15,15,15,1.0,True
fc_openrouter_gpt_oss_120b,traj_014,30,30,30,1.0,True
fc_openrouter_gpt_oss_120b,traj_014,45,45,45,1.0,True
fc_openrouter_gpt_oss_120b,traj_014,60,60,60,1.0,True
fc_openrouter_gpt_oss_120b,traj_014,75,75,75,1.0,True
fc_openrouter_gpt_oss_120b,traj_014,90,90,90,1.0,True
fc_openrouter_gpt_oss_120b,traj_014,105,105,105,1.0,True
fc_openrouter_gpt_oss_120b,traj_014,120,120,120,1.0,True
fc_openrouter_gpt_oss_120b,traj_014,135,135,135,1.0,True
fc_openrouter_gpt_oss_120b,traj_014,150,150,150,1.0,True
fc_openrouter_gpt_oss_120b,traj_014,165,165,165,1.0,True
fc_openrouter_gpt_oss_120b,traj_014,180,180,180,1.0,True
fc_openrouter_gpt_oss_120b,traj_014,195,195,195,1.0,True
fc_openrouter_gpt_oss_120b,traj_014,210,210,210,1.0,True
fc_openrouter_gpt_oss_120b,traj_014,225,225,225,1.0,True
fc_openrouter_gpt_oss_120b,traj_014,240,240,240,1.0,True
fc_openrouter_gpt_oss_120b,traj_014,255,255,255,1.0,True
fc_openrouter_gpt_oss_120b,traj_014,270,270,270,1.0,True
fc_openrouter_gpt_oss_120b,traj_014,285,285,285,1.0,True
fc_openrouter_gpt_oss_120b,traj_014,300,300,300,1.0,True
fc_openrouter_gpt_oss_120b,traj_015,15,15,15,1.0,True
fc_openrouter_gpt_oss_120b,traj_015,30,30,30,1.0,True
fc_openrouter_gpt_oss_120b,traj_015,45,45,45,1.0,True
fc_openrouter_gpt_oss_120b,traj_015,60,60,60,1.0,True
fc_openrouter_gpt_oss_120b,traj_015,75,75,75,1.0,True
fc_openrouter_gpt_oss_120b,traj_015,90,90,90,1.0,True
fc_openrouter_gpt_oss_120b,traj_015,105,105,105,1.0,True
fc_openrouter_gpt_oss_120b,traj_015,120,120,120,1.0,True
fc_openrouter_gpt_oss_120b,traj_015,135,135,135,1.0,True
fc_openrouter_gpt_oss_120b,traj_015,150,150,150,1.0,True
fc_openrouter_gpt_oss_120b,traj_015,165,165,165,1.0,True
fc_openrouter_gpt_oss_120b,traj_015,180,180,180,1.0,True
fc_openrouter_gpt_oss_120b,traj_015,195,195,195,1.0,True
fc_openrouter_gpt_oss_120b,traj_015,210,210,210,1.0,True
fc_openrouter_gpt_oss_120b,traj_015,225,225,225,1.0,True
fc_openrouter_gpt_oss_120b,traj_015,240,240,240,1.0,True
fc_openrouter_gpt_oss_120b,traj_015,255,255,255,1.0,True
fc_openrouter_gpt_oss_120b,traj_015,270,270,270,1.0,True
fc_openrouter_gpt_oss_120b,traj_015,285,285,285,1.0,True
fc_openrouter_gpt_oss_120b,traj_015,300,300,300,1.0,True
fc_openrouter_gpt_oss_120b,traj_016,15,15,15,1.0,True
fc_openrouter_gpt_oss_120b,traj_016,30,30,30,1.0,True
fc_openrouter_gpt_oss_120b,traj_016,45,45,45,1.0,True
fc_openrouter_gpt_oss_120b,traj_016,60,60,60,1.0,True
fc_openrouter_gpt_oss_120b,traj_016,75,75,75,1.0,True
fc_openrouter_gpt_oss_120b,traj_016,90,90,90,1.0,True
fc_openrouter_gpt_oss_120b,traj_016,105,105,105,1.0,True
fc_openrouter_gpt_oss_120b,traj_016,120,120,120,1.0,True
fc_openrouter_gpt_oss_120b,traj_016,135,135,135,1.0,True
fc_openrouter_gpt_oss_120b,traj_016,150,150,150,1.0,True
fc_openrouter_gpt_oss_120b,traj_016,165,165,165,1.0,True
fc_openrouter_gpt_oss_120b,traj_016,180,180,180,1.0,True
fc_openrouter_gpt_oss_120b,traj_016,195,195,195,1.0,True
fc_openrouter_gpt_oss_120b,traj_016,210,210,210,1.0,True
fc_openrouter_gpt_oss_120b,traj_016,225,225,225,1.0,True
fc_openrouter_gpt_oss_120b,traj_016,240,240,240,1.0,True
fc_openrouter_gpt_oss_120b,traj_016,255,255,255,1.0,True
fc_openrouter_gpt_oss_120b,traj_016,270,270,270,1.0,True
fc_openrouter_gpt_oss_120b,traj_016,285,285,285,1.0,True
fc_openrouter_gpt_oss_120b,traj_016,300,300,300,1.0,True
fc_openrouter_gpt_oss_120b,traj_017,15,15,15,1.0,True
fc_openrouter_gpt_oss_120b,traj_017,30,30,30,1.0,True
fc_openrouter_gpt_oss_120b,traj_017,45,45,45,1.0,True
fc_openrouter_gpt_oss_120b,traj_017,60,60,60,1.0,True
fc_openrouter_gpt_oss_120b,traj_017,75,75,75,1.0,True
fc_openrouter_gpt_oss_120b,traj_017,90,90,90,1.0,True
fc_openrouter_gpt_oss_120b,traj_017,105,105,105,1.0,True
fc_openrouter_gpt_oss_120b,traj_017,120,120,120,1.0,True
fc_openrouter_gpt_oss_120b,traj_017,135,135,135,1.0,True
fc_openrouter_gpt_oss_120b,traj_017,150,150,150,1.0,True
fc_openrouter_gpt_oss_120b,traj_017,165,165,165,1.0,True
fc_openrouter_gpt_oss_120b,traj_017,180,180,180,1.0,True
fc_openrouter_gpt_oss_120b,traj_017,195,195,195,1.0,True
fc_openrouter_gpt_oss_120b,traj_017,210,210,210,1.0,True
fc_openrouter_gpt_oss_120b,traj_017,225,225,225,1.0,True
fc_openrouter_gpt_oss_120b,traj_017,240,240,240,1.0,True
fc_openrouter_gpt_oss_120b,traj_017,255,255,255,1.0,True
fc_openrouter_gpt_oss_120b,traj_017,270,270,270,1.0,True
fc_openrouter_gpt_oss_120b,traj_017,285,285,285,1.0,True
fc_openrouter_gpt_oss_120b,traj_017,300,300,300,1.0,True
fc_openrouter_gpt_oss_120b,traj_018,15,15,15,1.0,True
fc_openrouter_gpt_oss_120b,traj_018,30,30,30,1.0,True
fc_openrouter_gpt_oss_120b,traj_018,45,45,45,1.0,True
fc_openrouter_gpt_oss_120b,traj_018,60,60,60,1.0,True
fc_openrouter_gpt_oss_120b,traj_018,75,75,75,1.0,True
fc_openrouter_gpt_oss_120b,traj_018,90,90,90,1.0,True
fc_openrouter_gpt_oss_120b,traj_018,105,105,105,1.0,True
fc_openrouter_gpt_oss_120b,traj_018,120,120,120,1.0,True
fc_openrouter_gpt_oss_120b,traj_018,135,135,135,1.0,True
fc_openrouter_gpt_oss_120b,traj_018,150,150,150,1.0,True
fc_openrouter_gpt_oss_120b,traj_018,165,165,165,1.0,True
fc_openrouter_gpt_oss_120b,traj_018,180,180,180,1.0,True
fc_openrouter_gpt_oss_120b,traj_018,195,195,195,1.0,True
fc_openrouter_gpt_oss_120b,traj_018,210,210,210,1.0,True
fc_openrouter_gpt_oss_120b,traj_018,225,225,225,1.0,True
fc_openrouter_gpt_oss_120b,traj_018,240,240,240,1.0,True
fc_openrouter_gpt_oss_120b,traj_018,255,255,255,1.0,True
fc_openrouter_gpt_oss_120b,traj_018,270,270,270,1.0,True
fc_openrouter_gpt_oss_120b,traj_018,285,285,285,1.0,True
fc_openrouter_gpt_oss_120b,traj_018,300,300,300,1.0,True
fc_openrouter_gpt_oss_120b,traj_019,15,15,15,1.0,True
fc_openrouter_gpt_oss_120b,traj_019,30,30,30,1.0,True
fc_openrouter_gpt_oss_120b,traj_019,45,45,45,1.0,True
fc_openrouter_gpt_oss_120b,traj_019,60,60,60,1.0,True
fc_openrouter_gpt_oss_120b,traj_019,75,75,75,1.0,True
fc_openrouter_gpt_oss_120b,traj_019,90,90,90,1.0,True
fc_openrouter_gpt_oss_120b,traj_019,105,105,105,1.0,True
fc_openrouter_gpt_oss_120b,traj_019,120,120,120,1.0,True
fc_openrouter_gpt_oss_120b,traj_019,135,135,135,1.0,True
fc_openrouter_gpt_oss_120b,traj_019,150,150,150,1.0,True
fc_openrouter_gpt_oss_120b,traj_019,165,165,165,1.0,True
fc_openrouter_gpt_oss_120b,traj_019,180,180,180,1.0,True
fc_openrouter_gpt_oss_120b,traj_019,195,195,195,1.0,True
fc_openrouter_gpt_oss_120b,traj_019,210,210,210,1.0,True
fc_openrouter_gpt_oss_120b,traj_019,225,225,225,1.0,True
fc_openrouter_gpt_oss_120b,traj_019,240,240,240,1.0,True
fc_openrouter_gpt_oss_120b,traj_019,255,255,255,1.0,True
fc_openrouter_gpt_oss_120b,traj_019,270,270,270,1.0,True
fc_openrouter_gpt_oss_120b,traj_019,285,285,285,1.0,True
fc_openrouter_gpt_oss_120b,traj_019,300,300,300,1.0,True
fc_openrouter_gpt_oss_120b,traj_020,15,15,15,1.0,True
fc_openrouter_gpt_oss_120b,traj_020,30,30,30,1.0,True
fc_openrouter_gpt_oss_120b,traj_020,45,45,45,1.0,True
fc_openrouter_gpt_oss_120b,traj_020,60,60,60,1.0,True
fc_openrouter_gpt_oss_120b,traj_020,75,75,75,1.0,True
fc_openrouter_gpt_oss_120b,traj_020,90,90,90,1.0,True
fc_openrouter_gpt_oss_120b,traj_020,105,105,105,1.0,True
fc_openrouter_gpt_oss_120b,traj_020,120,120,120,1.0,True
fc_openrouter_gpt_oss_120b,traj_020,135,135,135,1.0,True
fc_openrouter_gpt_oss_120b,traj_020,150,150,150,1.0,True
fc_openrouter_gpt_oss_120b,traj_020,165,165,165,1.0,True
fc_openrouter_gpt_oss_120b,traj_020,180,180,180,1.0,True
fc_openrouter_gpt_oss_120b,traj_020,195,195,195,1.0,True
fc_openrouter_gpt_oss_120b,traj_020,210,210,210,1.0,True
fc_openrouter_gpt_oss_120b,traj_020,225,225,225,1.0,True
fc_openrouter_gpt_oss_120b,traj_020,240,240,240,1.0,True
fc_openrouter_gpt_oss_120b,traj_020,255,255,255,1.0,True
fc_openrouter_gpt_oss_120b,traj_020,270,270,270,1.0,True
fc_openrouter_gpt_oss_120b,traj_020,285,285,285,1.0,True
fc_openrouter_gpt_oss_120b,traj_020,300,300,300,1.0,True
