method_id,trajectory_id,checkpoint,first_attempt_parse_error,first_attempt_schema_failure,final_parse_error,final_schema_failure,retry_count
fc_openrouter_qwen_3_6_35b_a3b_fp8,traj_001,15,False,False,False,False,0
fc_openrouter_qwen_3_6_35b_a3b_fp8,traj_001,30,False,False,False,False,0
fc_openrouter_qwen_3_6_35b_a3b_fp8,traj_001,45,False,False,False,False,0
fc_openrouter_qwen_3_6_35b_a3b_fp8,traj_001,60,False,False,False,False,0
fc_openrouter_qwen_3_6_35b_a3b_fp8,traj_001,75,False,False,False,False,0
fc_openrouter_qwen_3_6_35b_a3b_fp8,traj_001,90,False,False,False,False,0
fc_openrouter_qwen_3_6_35b_a3b_fp8,traj_001,105,False,False,False,False,0
fc_openrouter_qwen_3_6_35b_a3b_fp8,traj_001,120,False,False,False,False,0
fc_openrouter_qwen_3_6_35b_a3b_fp8,traj_001,135,False,False,False,False,0
fc_openrouter_qwen_3_6_35b_a3b_fp8,traj_001,150,False,False,False,False,0
fc_openrouter_qwen_3_6_35b_a3b_fp8,traj_001,165,False,False,False,False,0
fc_openrouter_qwen_3_6_35b_a3b_fp8,traj_001,180,False,False,False,False,0
fc_openrouter_qwen_3_6_35b_a3b_fp8,traj_001,195,False,False,False,False,0
fc_openrouter_qwen_3_6_35b_a3b_fp8,traj_001,210,False,False,False,False,0
fc_openrouter_qwen_3_6_35b_a3b_fp8,traj_001,225,False,False,False,False,0
fc_openrouter_qwen_3_6_35b_a3b_fp8,traj_001,240,False,False,False,False,0
fc_openrouter_qwen_3_6_35b_a3b_fp8,traj_001,255,False,False,False,False,0
fc_openrouter_qwen_3_6_35b_a3b_fp8,traj_001,270,False,False,False,False,0
fc_openrouter_qwen_3_6_35b_a3b_fp8,traj_001,285,False,False,False,False,0
fc_openrouter_qwen_3_6_35b_a3b_fp8,traj_001,300,False,False,False,False,0
fc_openrouter_qwen_3_6_35b_a3b_fp8,traj_002,15,False,False,False,False,0
fc_openrouter_qwen_3_6_35b_a3b_fp8,traj_002,30,False,False,False,False,0
fc_openrouter_qwen_3_6_35b_a3b_fp8,traj_002,45,False,False,False,False,0
fc_openrouter_qwen_3_6_35b_a3b_fp8,traj_002,60,False,False,False,False,0
fc_openrouter_qwen_3_6_35b_a3b_fp8,traj_002,75,False,False,False,False,0
fc_openrouter_qwen_3_6_35b_a3b_fp8,traj_002,90,False,False,False,False,0
fc_openrouter_qwen_3_6_35b_a3b_fp8,traj_002,105,False,False,False,False,0
fc_openrouter_qwen_3_6_35b_a3b_fp8,traj_002,120,False,False,False,False,0
fc_openrouter_qwen_3_6_35b_a3b_fp8,traj_002,135,False,False,False,False,0
fc_openrouter_qwen_3_6_35b_a3b_fp8,traj_002,150,False,False,False,False,0
fc_openrouter_qwen_3_6_35b_a3b_fp8,traj_002,165,False,False,False,False,0
fc_openrouter_qwen_3_6_35b_a3b_fp8,traj_002,180,False,False,False,False,0
fc_openrouter_qwen_3_6_35b_a3b_fp8,traj_002,195,False,False,False,False,0
fc_openrouter_qwen_3_6_35b_a3b_fp8,traj_002,210,False,False,False,False,0
fc_openrouter_qwen_3_6_35b_a3b_fp8,traj_002,225,False,False,False,False,0
fc_openrouter_qwen_3_6_35b_a3b_fp8,traj_002,240,False,False,False,False,0
fc_openrouter_qwen_3_6_35b_a3b_fp8,traj_002,255,False,False,False,False,0
fc_openrouter_qwen_3_6_35b_a3b_fp8,traj_002,270,False,False,False,False,0
fc_openrouter_qwen_3_6_35b_a3b_fp8,traj_002,285,False,False,False,False,0
fc_openrouter_qwen_3_6_35b_a3b_fp8,traj_002,300,False,False,False,False,0
fc_openrouter_qwen_3_6_35b_a3b_fp8,traj_003,15,False,False,False,False,0
fc_openrouter_qwen_3_6_35b_a3b_fp8,traj_003,30,False,False,False,False,0
fc_openrouter_qwen_3_6_35b_a3b_fp8,traj_003,45,False,False,False,False,0
fc_openrouter_qwen_3_6_35b_a3b_fp8,traj_003,60,False,False,False,False,0
fc_openrouter_qwen_3_6_35b_a3b_fp8,traj_003,75,False,False,False,False,0
fc_openrouter_qwen_3_6_35b_a3b_fp8,traj_003,90,False,False,False,False,0
fc_openrouter_qwen_3_6_35b_a3b_fp8,traj_003,105,False,False,False,False,0
fc_openrouter_qwen_3_6_35b_a3b_fp8,traj_003,120,False,False,False,False,0
fc_openrouter_qwen_3_6_35b_a3b_fp8,traj_003,135,False,False,False,False,0
fc_openrouter_qwen_3_6_35b_a3b_fp8,traj_003,150,False,False,False,False,0
fc_openrouter_qwen_3_6_35b_a3b_fp8,traj_003,165,False,False,False,False,0
fc_openrouter_qwen_3_6_35b_a3b_fp8,traj_003,180,False,False,False,False,0
fc_openrouter_qwen_3_6_35b_a3b_fp8,traj_003,195,False,False,False,False,0
fc_openrouter_qwen_3_6_35b_a3b_fp8,traj_003,210,False,False,False,False,0
fc_openrouter_qwen_3_6_35b_a3b_fp8,traj_003,225,False,True,False,True,1
fc_openrouter_qwen_3_6_35b_a3b_fp8,traj_003,240,False,False,False,False,0
fc_openrouter_qwen_3_6_35b_a3b_fp8,traj_003,255,False,False,False,False,0
fc_openrouter_qwen_3_6_35b_a3b_fp8,traj_003,270,False,False,False,False,0
fc_openrouter_qwen_3_6_35b_a3b_fp8,traj_003,285,False,False,False,False,0
fc_openrouter_qwen_3_6_35b_a3b_fp8,traj_003,300,False,False,False,False,0
fc_openrouter_qwen_3_6_35b_a3b_fp8,traj_004,15,False,False,False,False,0
fc_openrouter_qwen_3_6_35b_a3b_fp8,traj_004,30,False,False,False,False,0
fc_openrouter_qwen_3_6_35b_a3b_fp8,traj_004,45,False,False,False,False,0
fc_openrouter_qwen_3_6_35b_a3b_fp8,traj_004,60,False,False,False,False,0
fc_openrouter_qwen_3_6_35b_a3b_fp8,traj_004,75,False,False,False,False,0
fc_openrouter_qwen_3_6_35b_a3b_fp8,traj_004,90,False,False,False,False,0
fc_openrouter_qwen_3_6_35b_a3b_fp8,traj_004,105,False,False,False,False,0
fc_openrouter_qwen_3_6_35b_a3b_fp8,traj_004,120,False,False,False,False,0
fc_openrouter_qwen_3_6_35b_a3b_fp8,traj_004,135,False,False,False,False,0
fc_openrouter_qwen_3_6_35b_a3b_fp8,traj_004,150,False,False,False,False,0
fc_openrouter_qwen_3_6_35b_a3b_fp8,traj_004,165,False,False,False,False,0
fc_openrouter_qwen_3_6_35b_a3b_fp8,traj_004,180,False,False,False,False,0
fc_openrouter_qwen_3_6_35b_a3b_fp8,traj_004,195,False,False,False,False,0
fc_openrouter_qwen_3_6_35b_a3b_fp8,traj_004,210,False,False,False,False,0
fc_openrouter_qwen_3_6_35b_a3b_fp8,traj_004,225,False,False,False,False,0
fc_openrouter_qwen_3_6_35b_a3b_fp8,traj_004,240,False,False,False,False,0
fc_openrouter_qwen_3_6_35b_a3b_fp8,traj_004,255,False,False,False,False,0
fc_openrouter_qwen_3_6_35b_a3b_fp8,traj_004,270,False,False,False,False,0
fc_openrouter_qwen_3_6_35b_a3b_fp8,traj_004,285,False,False,False,False,0
fc_openrouter_qwen_3_6_35b_a3b_fp8,traj_004,300,False,False,False,False,0
fc_openrouter_qwen_3_6_35b_a3b_fp8,traj_005,15,False,False,False,False,0
fc_openrouter_qwen_3_6_35b_a3b_fp8,traj_005,30,False,False,False,False,0
fc_openrouter_qwen_3_6_35b_a3b_fp8,traj_005,45,False,False,False,False,0
fc_openrouter_qwen_3_6_35b_a3b_fp8,traj_005,60,False,False,False,False,0
fc_openrouter_qwen_3_6_35b_a3b_fp8,traj_005,75,False,False,False,False,0
fc_openrouter_qwen_3_6_35b_a3b_fp8,traj_005,90,False,False,False,False,0
fc_openrouter_qwen_3_6_35b_a3b_fp8,traj_005,105,False,False,False,False,0
fc_openrouter_qwen_3_6_35b_a3b_fp8,traj_005,120,False,False,False,False,0
fc_openrouter_qwen_3_6_35b_a3b_fp8,traj_005,135,False,False,False,False,0
fc_openrouter_qwen_3_6_35b_a3b_fp8,traj_005,150,False,False,False,False,0
fc_openrouter_qwen_3_6_35b_a3b_fp8,traj_005,165,False,False,False,False,0
fc_openrouter_qwen_3_6_35b_a3b_fp8,traj_005,180,False,False,False,False,0
fc_openrouter_qwen_3_6_35b_a3b_fp8,traj_005,195,False,False,False,False,0
fc_openrouter_qwen_3_6_35b_a3b_fp8,traj_005,210,False,False,False,False,0
fc_openrouter_qwen_3_6_35b_a3b_fp8,traj_005,225,False,False,False,False,0
fc_openrouter_qwen_3_6_35b_a3b_fp8,traj_005,240,False,False,False,False,0
fc_openrouter_qwen_3_6_35b_a3b_fp8,traj_005,255,False,False,False,False,0
fc_openrouter_qwen_3_6_35b_a3b_fp8,traj_005,270,False,False,False,False,0
fc_openrouter_qwen_3_6_35b_a3b_fp8,traj_005,285,False,True,False,False,1
fc_openrouter_qwen_3_6_35b_a3b_fp8,traj_005,300,False,False,False,False,0
fc_openrouter_qwen_3_6_35b_a3b_fp8,traj_006,15,False,False,False,False,0
fc_openrouter_qwen_3_6_35b_a3b_fp8,traj_006,30,False,False,False,False,0
fc_openrouter_qwen_3_6_35b_a3b_fp8,traj_006,45,False,False,False,False,0
fc_openrouter_qwen_3_6_35b_a3b_fp8,traj_006,60,False,False,False,False,0
fc_openrouter_qwen_3_6_35b_a3b_fp8,traj_006,75,False,False,False,False,0
fc_openrouter_qwen_3_6_35b_a3b_fp8,traj_006,90,False,False,False,False,0
fc_openrouter_qwen_3_6_35b_a3b_fp8,traj_006,105,False,False,False,False,0
fc_openrouter_qwen_3_6_35b_a3b_fp8,traj_006,120,False,False,False,False,0
fc_openrouter_qwen_3_6_35b_a3b_fp8,traj_006,135,False,False,False,False,0
fc_openrouter_qwen_3_6_35b_a3b_fp8,traj_006,150,False,False,False,False,0
fc_openrouter_qwen_3_6_35b_a3b_fp8,traj_006,165,False,False,False,False,0
fc_openrouter_qwen_3_6_35b_a3b_fp8,traj_006,180,False,False,False,False,0
fc_openrouter_qwen_3_6_35b_a3b_fp8,traj_006,195,False,False,False,False,0
fc_openrouter_qwen_3_6_35b_a3b_fp8,traj_006,210,False,False,False,False,0
fc_openrouter_qwen_3_6_35b_a3b_fp8,traj_006,225,False,False,False,False,0
fc_openrouter_qwen_3_6_35b_a3b_fp8,traj_006,240,False,False,False,False,0
fc_openrouter_qwen_3_6_35b_a3b_fp8,traj_006,255,False,False,False,False,0
fc_openrouter_qwen_3_6_35b_a3b_fp8,traj_006,270,False,False,False,False,0
fc_openrouter_qwen_3_6_35b_a3b_fp8,traj_006,285,False,False,False,False,0
fc_openrouter_qwen_3_6_35b_a3b_fp8,traj_006,300,False,False,False,False,0
fc_openrouter_qwen_3_6_35b_a3b_fp8,traj_007,15,False,False,False,False,0
fc_openrouter_qwen_3_6_35b_a3b_fp8,traj_007,30,False,False,False,False,0
fc_openrouter_qwen_3_6_35b_a3b_fp8,traj_007,45,False,False,False,False,0
fc_openrouter_qwen_3_6_35b_a3b_fp8,traj_007,60,False,False,False,False,0
fc_openrouter_qwen_3_6_35b_a3b_fp8,traj_007,75,False,False,False,False,0
fc_openrouter_qwen_3_6_35b_a3b_fp8,traj_007,90,False,False,False,False,0
fc_openrouter_qwen_3_6_35b_a3b_fp8,traj_007,105,False,False,False,False,0
fc_openrouter_qwen_3_6_35b_a3b_fp8,traj_007,120,False,False,False,False,0
fc_openrouter_qwen_3_6_35b_a3b_fp8,traj_007,135,False,False,False,False,0
fc_openrouter_qwen_3_6_35b_a3b_fp8,traj_007,150,False,False,False,False,0
fc_openrouter_qwen_3_6_35b_a3b_fp8,traj_007,165,False,False,False,False,0
fc_openrouter_qwen_3_6_35b_a3b_fp8,traj_007,180,False,False,False,False,0
fc_openrouter_qwen_3_6_35b_a3b_fp8,traj_007,195,False,False,False,False,0
fc_openrouter_qwen_3_6_35b_a3b_fp8,traj_007,210,False,False,False,False,0
fc_openrouter_qwen_3_6_35b_a3b_fp8,traj_007,225,False,False,False,False,0
fc_openrouter_qwen_3_6_35b_a3b_fp8,traj_007,240,False,False,False,False,0
fc_openrouter_qwen_3_6_35b_a3b_fp8,traj_007,255,False,False,False,False,0
fc_openrouter_qwen_3_6_35b_a3b_fp8,traj_007,270,False,False,False,False,0
fc_openrouter_qwen_3_6_35b_a3b_fp8,traj_007,285,False,False,False,False,0
fc_openrouter_qwen_3_6_35b_a3b_fp8,traj_007,300,False,False,False,False,0
fc_openrouter_qwen_3_6_35b_a3b_fp8,traj_008,15,False,False,False,False,0
fc_openrouter_qwen_3_6_35b_a3b_fp8,traj_008,30,False,False,False,False,0
fc_openrouter_qwen_3_6_35b_a3b_fp8,traj_008,45,False,False,False,False,0
fc_openrouter_qwen_3_6_35b_a3b_fp8,traj_008,60,False,False,False,False,0
fc_openrouter_qwen_3_6_35b_a3b_fp8,traj_008,75,False,False,False,False,0
fc_openrouter_qwen_3_6_35b_a3b_fp8,traj_008,90,False,False,False,False,0
fc_openrouter_qwen_3_6_35b_a3b_fp8,traj_008,105,False,False,False,False,0
fc_openrouter_qwen_3_6_35b_a3b_fp8,traj_008,120,False,False,False,False,0
fc_openrouter_qwen_3_6_35b_a3b_fp8,traj_008,135,False,False,False,False,0
fc_openrouter_qwen_3_6_35b_a3b_fp8,traj_008,150,False,False,False,False,0
fc_openrouter_qwen_3_6_35b_a3b_fp8,traj_008,165,False,False,False,False,0
fc_openrouter_qwen_3_6_35b_a3b_fp8,traj_008,180,False,False,False,False,0
fc_openrouter_qwen_3_6_35b_a3b_fp8,traj_008,195,False,False,False,False,0
fc_openrouter_qwen_3_6_35b_a3b_fp8,traj_008,210,False,False,False,False,0
fc_openrouter_qwen_3_6_35b_a3b_fp8,traj_008,225,False,False,False,False,0
fc_openrouter_qwen_3_6_35b_a3b_fp8,traj_008,240,False,False,False,False,0
fc_openrouter_qwen_3_6_35b_a3b_fp8,traj_008,255,False,False,False,False,0
fc_openrouter_qwen_3_6_35b_a3b_fp8,traj_008,270,False,False,False,False,0
fc_openrouter_qwen_3_6_35b_a3b_fp8,traj_008,285,False,False,False,False,0
fc_openrouter_qwen_3_6_35b_a3b_fp8,traj_008,300,False,False,False,False,0
fc_openrouter_qwen_3_6_35b_a3b_fp8,traj_009,15,False,False,False,False,0
fc_openrouter_qwen_3_6_35b_a3b_fp8,traj_009,30,False,False,False,False,0
fc_openrouter_qwen_3_6_35b_a3b_fp8,traj_009,45,False,False,False,False,0
fc_openrouter_qwen_3_6_35b_a3b_fp8,traj_009,60,False,False,False,False,0
fc_openrouter_qwen_3_6_35b_a3b_fp8,traj_009,75,False,False,False,False,0
fc_openrouter_qwen_3_6_35b_a3b_fp8,traj_009,90,False,False,False,False,0
fc_openrouter_qwen_3_6_35b_a3b_fp8,traj_009,105,False,False,False,False,0
fc_openrouter_qwen_3_6_35b_a3b_fp8,traj_009,120,False,False,False,False,0
fc_openrouter_qwen_3_6_35b_a3b_fp8,traj_009,135,False,False,False,False,0
fc_openrouter_qwen_3_6_35b_a3b_fp8,traj_009,150,False,False,False,False,0
fc_openrouter_qwen_3_6_35b_a3b_fp8,traj_009,165,False,False,False,False,0
fc_openrouter_qwen_3_6_35b_a3b_fp8,traj_009,180,False,True,False,False,1
fc_openrouter_qwen_3_6_35b_a3b_fp8,traj_009,195,False,False,False,False,0
fc_openrouter_qwen_3_6_35b_a3b_fp8,traj_009,210,False,False,False,False,0
fc_openrouter_qwen_3_6_35b_a3b_fp8,traj_009,225,False,False,False,False,0
fc_openrouter_qwen_3_6_35b_a3b_fp8,traj_009,240,False,False,False,False,0
fc_openrouter_qwen_3_6_35b_a3b_fp8,traj_009,255,False,False,False,False,0
fc_openrouter_qwen_3_6_35b_a3b_fp8,traj_009,270,False,False,False,False,0
fc_openrouter_qwen_3_6_35b_a3b_fp8,traj_009,285,False,False,False,False,0
fc_openrouter_qwen_3_6_35b_a3b_fp8,traj_009,300,False,False,False,False,0
fc_openrouter_qwen_3_6_35b_a3b_fp8,traj_010,15,False,False,False,False,0
fc_openrouter_qwen_3_6_35b_a3b_fp8,traj_010,30,False,False,False,False,0
fc_openrouter_qwen_3_6_35b_a3b_fp8,traj_010,45,False,False,False,False,0
fc_openrouter_qwen_3_6_35b_a3b_fp8,traj_010,60,False,False,False,False,0
fc_openrouter_qwen_3_6_35b_a3b_fp8,traj_010,75,False,False,False,False,0
fc_openrouter_qwen_3_6_35b_a3b_fp8,traj_010,90,False,False,False,False,0
fc_openrouter_qwen_3_6_35b_a3b_fp8,traj_010,105,False,False,False,False,0
fc_openrouter_qwen_3_6_35b_a3b_fp8,traj_010,120,False,False,False,False,0
fc_openrouter_qwen_3_6_35b_a3b_fp8,traj_010,135,False,False,False,False,0
fc_openrouter_qwen_3_6_35b_a3b_fp8,traj_010,150,False,False,False,False,0
fc_openrouter_qwen_3_6_35b_a3b_fp8,traj_010,165,False,False,False,False,0
fc_openrouter_qwen_3_6_35b_a3b_fp8,traj_010,180,False,False,False,False,0
fc_openrouter_qwen_3_6_35b_a3b_fp8,traj_010,195,False,False,False,False,0
fc_openrouter_qwen_3_6_35b_a3b_fp8,traj_010,210,False,False,False,False,0
fc_openrouter_qwen_3_6_35b_a3b_fp8,traj_010,225,False,False,False,False,0
fc_openrouter_qwen_3_6_35b_a3b_fp8,traj_010,240,False,False,False,False,0
fc_openrouter_qwen_3_6_35b_a3b_fp8,traj_010,255,False,False,False,False,0
fc_openrouter_qwen_3_6_35b_a3b_fp8,traj_010,270,False,False,False,False,0
fc_openrouter_qwen_3_6_35b_a3b_fp8,traj_010,285,False,False,False,False,0
fc_openrouter_qwen_3_6_35b_a3b_fp8,traj_010,300,False,False,False,False,0
fc_openrouter_qwen_3_6_35b_a3b_fp8,traj_011,15,False,False,False,False,0
fc_openrouter_qwen_3_6_35b_a3b_fp8,traj_011,30,False,False,False,False,0
fc_openrouter_qwen_3_6_35b_a3b_fp8,traj_011,45,False,False,False,False,0
fc_openrouter_qwen_3_6_35b_a3b_fp8,traj_011,60,False,False,False,False,0
fc_openrouter_qwen_3_6_35b_a3b_fp8,traj_011,75,False,False,False,False,0
fc_openrouter_qwen_3_6_35b_a3b_fp8,traj_011,90,False,False,False,False,0
fc_openrouter_qwen_3_6_35b_a3b_fp8,traj_011,105,False,False,False,False,0
fc_openrouter_qwen_3_6_35b_a3b_fp8,traj_011,120,False,False,False,False,0
fc_openrouter_qwen_3_6_35b_a3b_fp8,traj_011,135,False,False,False,False,0
fc_openrouter_qwen_3_6_35b_a3b_fp8,traj_011,150,False,False,False,False,0
fc_openrouter_qwen_3_6_35b_a3b_fp8,traj_011,165,False,False,False,False,0
fc_openrouter_qwen_3_6_35b_a3b_fp8,traj_011,180,False,False,False,False,0
fc_openrouter_qwen_3_6_35b_a3b_fp8,traj_011,195,False,False,False,False,0
fc_openrouter_qwen_3_6_35b_a3b_fp8,traj_011,210,False,False,False,False,0
fc_openrouter_qwen_3_6_35b_a3b_fp8,traj_011,225,False,False,False,False,0
fc_openrouter_qwen_3_6_35b_a3b_fp8,traj_011,240,False,False,False,False,0
fc_openrouter_qwen_3_6_35b_a3b_fp8,traj_011,255,False,False,False,False,0
fc_openrouter_qwen_3_6_35b_a3b_fp8,traj_011,270,False,False,False,False,0
fc_openrouter_qwen_3_6_35b_a3b_fp8,traj_011,285,False,False,False,False,0
fc_openrouter_qwen_3_6_35b_a3b_fp8,traj_011,300,False,False,False,False,0
fc_openrouter_qwen_3_6_35b_a3b_fp8,traj_012,15,False,False,False,False,0
fc_openrouter_qwen_3_6_35b_a3b_fp8,traj_012,30,False,False,False,False,0
fc_openrouter_qwen_3_6_35b_a3b_fp8,traj_012,45,False,False,False,False,0
fc_openrouter_qwen_3_6_35b_a3b_fp8,traj_012,60,False,True,False,False,1
fc_openrouter_qwen_3_6_35b_a3b_fp8,traj_012,75,False,False,False,False,0
fc_openrouter_qwen_3_6_35b_a3b_fp8,traj_012,90,False,False,False,False,0
fc_openrouter_qwen_3_6_35b_a3b_fp8,traj_012,105,False,False,False,False,0
fc_openrouter_qwen_3_6_35b_a3b_fp8,traj_012,120,False,False,False,False,0
fc_openrouter_qwen_3_6_35b_a3b_fp8,traj_012,135,False,False,False,False,0
fc_openrouter_qwen_3_6_35b_a3b_fp8,traj_012,150,False,False,False,False,0
fc_openrouter_qwen_3_6_35b_a3b_fp8,traj_012,165,False,False,False,False,0
fc_openrouter_qwen_3_6_35b_a3b_fp8,traj_012,180,False,False,False,False,0
fc_openrouter_qwen_3_6_35b_a3b_fp8,traj_012,195,False,False,False,False,0
fc_openrouter_qwen_3_6_35b_a3b_fp8,traj_012,210,False,False,False,False,0
fc_openrouter_qwen_3_6_35b_a3b_fp8,traj_012,225,False,False,False,False,0
fc_openrouter_qwen_3_6_35b_a3b_fp8,traj_012,240,False,False,False,False,0
fc_openrouter_qwen_3_6_35b_a3b_fp8,traj_012,255,False,False,False,False,0
fc_openrouter_qwen_3_6_35b_a3b_fp8,traj_012,270,False,False,False,False,0
fc_openrouter_qwen_3_6_35b_a3b_fp8,traj_012,285,False,False,False,False,0
fc_openrouter_qwen_3_6_35b_a3b_fp8,traj_012,300,False,False,False,False,0
fc_openrouter_qwen_3_6_35b_a3b_fp8,traj_013,15,False,False,False,False,0
fc_openrouter_qwen_3_6_35b_a3b_fp8,traj_013,30,False,False,False,False,0
fc_openrouter_qwen_3_6_35b_a3b_fp8,traj_013,45,False,False,False,False,0
fc_openrouter_qwen_3_6_35b_a3b_fp8,traj_013,60,False,False,False,False,0
fc_openrouter_qwen_3_6_35b_a3b_fp8,traj_013,75,False,False,False,False,0
fc_openrouter_qwen_3_6_35b_a3b_fp8,traj_013,90,False,False,False,False,0
fc_openrouter_qwen_3_6_35b_a3b_fp8,traj_013,105,False,False,False,False,0
fc_openrouter_qwen_3_6_35b_a3b_fp8,traj_013,120,False,False,False,False,0
fc_openrouter_qwen_3_6_35b_a3b_fp8,traj_013,135,False,False,False,False,0
fc_openrouter_qwen_3_6_35b_a3b_fp8,traj_013,150,False,False,False,False,0
fc_openrouter_qwen_3_6_35b_a3b_fp8,traj_013,165,False,False,False,False,0
fc_openrouter_qwen_3_6_35b_a3b_fp8,traj_013,180,False,False,False,False,0
fc_openrouter_qwen_3_6_35b_a3b_fp8,traj_013,195,False,False,False,False,0
fc_openrouter_qwen_3_6_35b_a3b_fp8,traj_013,210,False,False,False,False,0
fc_openrouter_qwen_3_6_35b_a3b_fp8,traj_013,225,False,False,False,False,0
fc_openrouter_qwen_3_6_35b_a3b_fp8,traj_013,240,False,False,False,False,0
fc_openrouter_qwen_3_6_35b_a3b_fp8,traj_013,255,False,False,False,False,0
fc_openrouter_qwen_3_6_35b_a3b_fp8,traj_013,270,False,True,False,False,1
fc_openrouter_qwen_3_6_35b_a3b_fp8,traj_013,285,False,False,False,False,0
fc_openrouter_qwen_3_6_35b_a3b_fp8,traj_013,300,False,False,False,False,0
fc_openrouter_qwen_3_6_35b_a3b_fp8,traj_014,15,False,False,False,False,0
fc_openrouter_qwen_3_6_35b_a3b_fp8,traj_014,30,False,False,False,False,0
fc_openrouter_qwen_3_6_35b_a3b_fp8,traj_014,45,False,False,False,False,0
fc_openrouter_qwen_3_6_35b_a3b_fp8,traj_014,60,False,False,False,False,0
fc_openrouter_qwen_3_6_35b_a3b_fp8,traj_014,75,False,False,False,False,0
fc_openrouter_qwen_3_6_35b_a3b_fp8,traj_014,90,False,False,False,False,0
fc_openrouter_qwen_3_6_35b_a3b_fp8,traj_014,105,False,False,False,False,0
fc_openrouter_qwen_3_6_35b_a3b_fp8,traj_014,120,False,False,False,False,0
fc_openrouter_qwen_3_6_35b_a3b_fp8,traj_014,135,False,False,False,False,0
fc_openrouter_qwen_3_6_35b_a3b_fp8,traj_014,150,False,False,False,False,0
fc_openrouter_qwen_3_6_35b_a3b_fp8,traj_014,165,False,False,False,False,0
fc_openrouter_qwen_3_6_35b_a3b_fp8,traj_014,180,False,False,False,False,0
fc_openrouter_qwen_3_6_35b_a3b_fp8,traj_014,195,False,False,False,False,0
fc_openrouter_qwen_3_6_35b_a3b_fp8,traj_014,210,False,False,False,False,0
fc_openrouter_qwen_3_6_35b_a3b_fp8,traj_014,225,False,False,False,False,0
fc_openrouter_qwen_3_6_35b_a3b_fp8,traj_014,240,False,False,False,False,0
fc_openrouter_qwen_3_6_35b_a3b_fp8,traj_014,255,False,False,False,False,0
fc_openrouter_qwen_3_6_35b_a3b_fp8,traj_014,270,False,False,False,False,0
fc_openrouter_qwen_3_6_35b_a3b_fp8,traj_014,285,False,False,False,False,0
fc_openrouter_qwen_3_6_35b_a3b_fp8,traj_014,300,False,False,False,False,0
fc_openrouter_qwen_3_6_35b_a3b_fp8,traj_015,15,False,False,False,False,0
fc_openrouter_qwen_3_6_35b_a3b_fp8,traj_015,30,False,False,False,False,0
fc_openrouter_qwen_3_6_35b_a3b_fp8,traj_015,45,False,False,False,False,0
fc_openrouter_qwen_3_6_35b_a3b_fp8,traj_015,60,False,False,False,False,0
fc_openrouter_qwen_3_6_35b_a3b_fp8,traj_015,75,False,False,False,False,0
fc_openrouter_qwen_3_6_35b_a3b_fp8,traj_015,90,False,False,False,False,0
fc_openrouter_qwen_3_6_35b_a3b_fp8,traj_015,105,False,False,False,False,0
fc_openrouter_qwen_3_6_35b_a3b_fp8,traj_015,120,False,False,False,False,0
fc_openrouter_qwen_3_6_35b_a3b_fp8,traj_015,135,False,False,False,False,0
fc_openrouter_qwen_3_6_35b_a3b_fp8,traj_015,150,False,False,False,False,0
fc_openrouter_qwen_3_6_35b_a3b_fp8,traj_015,165,False,False,False,False,0
fc_openrouter_qwen_3_6_35b_a3b_fp8,traj_015,180,False,False,False,False,0
fc_openrouter_qwen_3_6_35b_a3b_fp8,traj_015,195,False,False,False,False,0
fc_openrouter_qwen_3_6_35b_a3b_fp8,traj_015,210,False,False,False,False,0
fc_openrouter_qwen_3_6_35b_a3b_fp8,traj_015,225,False,False,False,False,0
fc_openrouter_qwen_3_6_35b_a3b_fp8,traj_015,240,False,False,False,False,0
fc_openrouter_qwen_3_6_35b_a3b_fp8,traj_015,255,False,False,False,False,0
fc_openrouter_qwen_3_6_35b_a3b_fp8,traj_015,270,False,False,False,False,0
fc_openrouter_qwen_3_6_35b_a3b_fp8,traj_015,285,False,False,False,False,0
fc_openrouter_qwen_3_6_35b_a3b_fp8,traj_015,300,False,False,False,False,0
fc_openrouter_qwen_3_6_35b_a3b_fp8,traj_016,15,False,False,False,False,0
fc_openrouter_qwen_3_6_35b_a3b_fp8,traj_016,30,False,False,False,False,0
fc_openrouter_qwen_3_6_35b_a3b_fp8,traj_016,45,False,False,False,False,0
fc_openrouter_qwen_3_6_35b_a3b_fp8,traj_016,60,False,False,False,False,0
fc_openrouter_qwen_3_6_35b_a3b_fp8,traj_016,75,False,False,False,False,0
fc_openrouter_qwen_3_6_35b_a3b_fp8,traj_016,90,False,False,False,False,0
fc_openrouter_qwen_3_6_35b_a3b_fp8,traj_016,105,False,False,False,False,0
fc_openrouter_qwen_3_6_35b_a3b_fp8,traj_016,120,False,False,False,False,0
fc_openrouter_qwen_3_6_35b_a3b_fp8,traj_016,135,False,False,False,False,0
fc_openrouter_qwen_3_6_35b_a3b_fp8,traj_016,150,False,False,False,False,0
fc_openrouter_qwen_3_6_35b_a3b_fp8,traj_016,165,False,False,False,False,0
fc_openrouter_qwen_3_6_35b_a3b_fp8,traj_016,180,False,False,False,False,0
fc_openrouter_qwen_3_6_35b_a3b_fp8,traj_016,195,False,True,False,False,1
fc_openrouter_qwen_3_6_35b_a3b_fp8,traj_016,210,False,False,False,False,0
fc_openrouter_qwen_3_6_35b_a3b_fp8,traj_016,225,False,False,False,False,0
fc_openrouter_qwen_3_6_35b_a3b_fp8,traj_016,240,False,False,False,False,0
fc_openrouter_qwen_3_6_35b_a3b_fp8,traj_016,255,False,False,False,False,0
fc_openrouter_qwen_3_6_35b_a3b_fp8,traj_016,270,False,False,False,False,0
fc_openrouter_qwen_3_6_35b_a3b_fp8,traj_016,285,False,False,False,False,0
fc_openrouter_qwen_3_6_35b_a3b_fp8,traj_016,300,False,False,False,False,0
fc_openrouter_qwen_3_6_35b_a3b_fp8,traj_017,15,False,False,False,False,0
fc_openrouter_qwen_3_6_35b_a3b_fp8,traj_017,30,False,False,False,False,0
fc_openrouter_qwen_3_6_35b_a3b_fp8,traj_017,45,False,False,False,False,0
fc_openrouter_qwen_3_6_35b_a3b_fp8,traj_017,60,False,False,False,False,0
fc_openrouter_qwen_3_6_35b_a3b_fp8,traj_017,75,False,False,False,False,0
fc_openrouter_qwen_3_6_35b_a3b_fp8,traj_017,90,False,False,False,False,0
fc_openrouter_qwen_3_6_35b_a3b_fp8,traj_017,105,False,False,False,False,0
fc_openrouter_qwen_3_6_35b_a3b_fp8,traj_017,120,False,False,False,False,0
fc_openrouter_qwen_3_6_35b_a3b_fp8,traj_017,135,False,False,False,False,0
fc_openrouter_qwen_3_6_35b_a3b_fp8,traj_017,150,False,False,False,False,0
fc_openrouter_qwen_3_6_35b_a3b_fp8,traj_017,165,False,False,False,False,0
fc_openrouter_qwen_3_6_35b_a3b_fp8,traj_017,180,False,False,False,False,0
fc_openrouter_qwen_3_6_35b_a3b_fp8,traj_017,195,False,False,False,False,0
fc_openrouter_qwen_3_6_35b_a3b_fp8,traj_017,210,False,False,False,False,0
fc_openrouter_qwen_3_6_35b_a3b_fp8,traj_017,225,False,False,False,False,0
fc_openrouter_qwen_3_6_35b_a3b_fp8,traj_017,240,False,False,False,False,0
fc_openrouter_qwen_3_6_35b_a3b_fp8,traj_017,255,False,False,False,False,0
fc_openrouter_qwen_3_6_35b_a3b_fp8,traj_017,270,False,False,False,False,0
fc_openrouter_qwen_3_6_35b_a3b_fp8,traj_017,285,False,False,False,False,0
fc_openrouter_qwen_3_6_35b_a3b_fp8,traj_017,300,False,False,False,False,0
fc_openrouter_qwen_3_6_35b_a3b_fp8,traj_018,15,False,False,False,False,0
fc_openrouter_qwen_3_6_35b_a3b_fp8,traj_018,30,False,False,False,False,0
fc_openrouter_qwen_3_6_35b_a3b_fp8,traj_018,45,False,False,False,False,0
fc_openrouter_qwen_3_6_35b_a3b_fp8,traj_018,60,False,False,False,False,0
fc_openrouter_qwen_3_6_35b_a3b_fp8,traj_018,75,False,False,False,False,0
fc_openrouter_qwen_3_6_35b_a3b_fp8,traj_018,90,False,False,False,False,0
fc_openrouter_qwen_3_6_35b_a3b_fp8,traj_018,105,False,False,False,False,0
fc_openrouter_qwen_3_6_35b_a3b_fp8,traj_018,120,False,False,False,False,0
fc_openrouter_qwen_3_6_35b_a3b_fp8,traj_018,135,False,False,False,False,0
fc_openrouter_qwen_3_6_35b_a3b_fp8,traj_018,150,False,False,False,False,0
fc_openrouter_qwen_3_6_35b_a3b_fp8,traj_018,165,False,False,False,False,0
fc_openrouter_qwen_3_6_35b_a3b_fp8,traj_018,180,False,False,False,False,0
fc_openrouter_qwen_3_6_35b_a3b_fp8,traj_018,195,False,False,False,False,0
fc_openrouter_qwen_3_6_35b_a3b_fp8,traj_018,210,False,False,False,False,0
fc_openrouter_qwen_3_6_35b_a3b_fp8,traj_018,225,False,False,False,False,0
fc_openrouter_qwen_3_6_35b_a3b_fp8,traj_018,240,False,False,False,False,0
fc_openrouter_qwen_3_6_35b_a3b_fp8,traj_018,255,False,False,False,False,0
fc_openrouter_qwen_3_6_35b_a3b_fp8,traj_018,270,False,False,False,False,0
fc_openrouter_qwen_3_6_35b_a3b_fp8,traj_018,285,False,False,False,False,0
fc_openrouter_qwen_3_6_35b_a3b_fp8,traj_018,300,False,False,False,False,0
fc_openrouter_qwen_3_6_35b_a3b_fp8,traj_019,15,False,False,False,False,0
fc_openrouter_qwen_3_6_35b_a3b_fp8,traj_019,30,False,False,False,False,0
fc_openrouter_qwen_3_6_35b_a3b_fp8,traj_019,45,False,False,False,False,0
fc_openrouter_qwen_3_6_35b_a3b_fp8,traj_019,60,False,False,False,False,0
fc_openrouter_qwen_3_6_35b_a3b_fp8,traj_019,75,False,False,False,False,0
fc_openrouter_qwen_3_6_35b_a3b_fp8,traj_019,90,False,False,False,False,0
fc_openrouter_qwen_3_6_35b_a3b_fp8,traj_019,105,False,False,False,False,0
fc_openrouter_qwen_3_6_35b_a3b_fp8,traj_019,120,False,False,False,False,0
fc_openrouter_qwen_3_6_35b_a3b_fp8,traj_019,135,False,False,False,False,0
fc_openrouter_qwen_3_6_35b_a3b_fp8,traj_019,150,False,False,False,False,0
fc_openrouter_qwen_3_6_35b_a3b_fp8,traj_019,165,False,False,False,False,0
fc_openrouter_qwen_3_6_35b_a3b_fp8,traj_019,180,False,True,False,False,1
fc_openrouter_qwen_3_6_35b_a3b_fp8,traj_019,195,False,False,False,False,0
fc_openrouter_qwen_3_6_35b_a3b_fp8,traj_019,210,False,False,False,False,0
fc_openrouter_qwen_3_6_35b_a3b_fp8,traj_019,225,False,False,False,False,0
fc_openrouter_qwen_3_6_35b_a3b_fp8,traj_019,240,False,False,False,False,0
fc_openrouter_qwen_3_6_35b_a3b_fp8,traj_019,255,False,False,False,False,0
fc_openrouter_qwen_3_6_35b_a3b_fp8,traj_019,270,False,False,False,False,0
fc_openrouter_qwen_3_6_35b_a3b_fp8,traj_019,285,False,False,False,False,0
fc_openrouter_qwen_3_6_35b_a3b_fp8,traj_019,300,False,False,False,False,0
fc_openrouter_qwen_3_6_35b_a3b_fp8,traj_020,15,False,False,False,False,0
fc_openrouter_qwen_3_6_35b_a3b_fp8,traj_020,30,False,False,False,False,0
fc_openrouter_qwen_3_6_35b_a3b_fp8,traj_020,45,False,False,False,False,0
fc_openrouter_qwen_3_6_35b_a3b_fp8,traj_020,60,False,False,False,False,0
fc_openrouter_qwen_3_6_35b_a3b_fp8,traj_020,75,False,False,False,False,0
fc_openrouter_qwen_3_6_35b_a3b_fp8,traj_020,90,False,False,False,False,0
fc_openrouter_qwen_3_6_35b_a3b_fp8,traj_020,105,False,False,False,False,0
fc_openrouter_qwen_3_6_35b_a3b_fp8,traj_020,120,False,False,False,False,0
fc_openrouter_qwen_3_6_35b_a3b_fp8,traj_020,135,False,False,False,False,0
fc_openrouter_qwen_3_6_35b_a3b_fp8,traj_020,150,False,False,False,False,0
fc_openrouter_qwen_3_6_35b_a3b_fp8,traj_020,165,False,False,False,False,0
fc_openrouter_qwen_3_6_35b_a3b_fp8,traj_020,180,False,False,False,False,0
fc_openrouter_qwen_3_6_35b_a3b_fp8,traj_020,195,False,False,False,False,0
fc_openrouter_qwen_3_6_35b_a3b_fp8,traj_020,210,False,False,False,False,0
fc_openrouter_qwen_3_6_35b_a3b_fp8,traj_020,225,False,False,False,False,0
fc_openrouter_qwen_3_6_35b_a3b_fp8,traj_020,240,False,False,False,False,0
fc_openrouter_qwen_3_6_35b_a3b_fp8,traj_020,255,False,False,False,False,0
fc_openrouter_qwen_3_6_35b_a3b_fp8,traj_020,270,False,False,False,False,0
fc_openrouter_qwen_3_6_35b_a3b_fp8,traj_020,285,False,False,False,False,0
fc_openrouter_qwen_3_6_35b_a3b_fp8,traj_020,300,False,False,False,False,0
