method_id,trajectory_id,path,checkpoints,final_state_accuracy,eligible,update_event_support,event_macro_update_accuracy,retention_after_update,correct_change_precision,correct_change_recall,correct_change_f1,confusion_tn,confusion_fp,confusion_fn,confusion_tp_correct,confusion_tp_wrong_value
fc_openrouter_gpt_oss_120b,traj_001,cashflow.recent_one_off_expense,20,0.5,True,2,0.0,0.0,0.0,0.0,0.0,10,0,10,0,0
fc_openrouter_gpt_oss_120b,traj_001,education.child_education_stage,20,0.8,True,1,0.0,0.0,0.0,0.0,0.0,16,0,4,0,0
fc_openrouter_gpt_oss_120b,traj_001,education.self_education_status,20,0.55,True,1,0.0,0.0,0.0,0.0,0.0,11,0,9,0,0
fc_openrouter_gpt_oss_120b,traj_001,employment.employer,20,0.0,True,6,0.0,0.0,0.0,0.0,0.0,0,0,19,0,1
fc_openrouter_gpt_oss_120b,traj_001,employment.employment_status,20,0.4,True,6,0.3333333333333333,0.2777777777777778,0.6,0.2,0.3,5,0,10,3,2
fc_openrouter_gpt_oss_120b,traj_001,employment.income_stability,20,0.15,True,8,0.25,0.20833333333333331,0.75,0.15,0.24999999999999997,0,0,16,3,1
fc_openrouter_gpt_oss_120b,traj_001,employment.occupation,20,1.0,False,0,,,0.0,,,20,0,0,0,0
fc_openrouter_gpt_oss_120b,traj_001,employment.salary_account,20,0.2,True,8,0.25,0.25,0.4444444444444444,0.2,0.2758620689655173,0,0,11,4,5
fc_openrouter_gpt_oss_120b,traj_001,employment.salary_day,20,0.05,True,8,0.125,0.125,0.09090909090909091,0.05,0.06451612903225806,0,0,9,1,10
fc_openrouter_gpt_oss_120b,traj_001,financial_products.checking_accounts,20,1.0,False,0,,,0.0,,,20,0,0,0,0
fc_openrouter_gpt_oss_120b,traj_001,financial_products.loans,20,0.3,True,1,0.0,0.0,0.0,0.0,0.0,6,0,14,0,0
fc_openrouter_gpt_oss_120b,traj_001,financial_products.pension_or_irp,20,1.0,False,0,,,0.0,,,20,0,0,0,0
fc_openrouter_gpt_oss_120b,traj_001,financial_products.savings_accounts,20,1.0,False,0,,,0.0,,,20,0,0,0,0
fc_openrouter_gpt_oss_120b,traj_001,goals.child_education_goal,20,0.2,True,4,0.0,0.0,0.0,0.0,0.0,4,0,16,0,0
fc_openrouter_gpt_oss_120b,traj_001,goals.emergency_fund,20,1.0,False,0,,,0.0,,,20,0,0,0,0
fc_openrouter_gpt_oss_120b,traj_001,goals.housing_deposit_goal,20,1.0,False,0,,,0.0,,,20,0,0,0,0
fc_openrouter_gpt_oss_120b,traj_001,goals.retirement_goal,20,0.95,False,0,,,0.0,,,19,1,0,0,0
fc_openrouter_gpt_oss_120b,traj_001,household.child_support_arrangement,20,1.0,False,0,,,0.0,,,20,0,0,0,0
fc_openrouter_gpt_oss_120b,traj_001,household.children,20,0.2,True,7,0.0,0.0,0.0,0.0,0.0,4,0,16,0,0
fc_openrouter_gpt_oss_120b,traj_001,household.dependents,20,0.2,True,6,0.0,0.0,0.0,0.0,0.0,4,0,16,0,0
fc_openrouter_gpt_oss_120b,traj_001,household.marital_status,20,0.15,True,1,0.0,0.0,0.0,0.0,0.0,3,0,17,0,0
fc_openrouter_gpt_oss_120b,traj_001,household.spouse_or_partner,20,0.15,True,1,0.0,0.0,0.0,0.0,0.0,3,0,17,0,0
fc_openrouter_gpt_oss_120b,traj_001,housing.address,20,0.3,True,1,0.0,0.0,0.0,0.0,0.0,6,0,14,0,0
fc_openrouter_gpt_oss_120b,traj_001,housing.contract_type,20,1.0,False,0,,,0.0,,,20,0,0,0,0
fc_openrouter_gpt_oss_120b,traj_001,housing.maintenance_fee_payee,20,1.0,False,0,,,0.0,,,20,0,0,0,0
fc_openrouter_gpt_oss_120b,traj_001,housing.mortgage_status,20,0.3,True,1,0.0,0.0,0.0,0.0,0.0,6,0,14,0,0
fc_openrouter_gpt_oss_120b,traj_001,housing.primary_residence_property_id,20,0.3,True,1,0.0,0.0,0.0,0.0,0.0,6,0,14,0,0
fc_openrouter_gpt_oss_120b,traj_001,housing.properties,20,0.3,True,1,0.0,0.0,0.0,0.0,0.0,6,0,14,0,0
fc_openrouter_gpt_oss_120b,traj_001,housing.rent_amount,20,1.0,False,0,,,0.0,,,20,0,0,0,0
fc_openrouter_gpt_oss_120b,traj_001,housing.rent_payee,20,1.0,False,0,,,0.0,,,20,0,0,0,0
fc_openrouter_gpt_oss_120b,traj_001,housing.residence_status,20,1.0,False,0,,,0.0,,,20,0,0,0,0
fc_openrouter_gpt_oss_120b,traj_001,profile.age,20,1.0,False,0,,,0.0,,,20,0,0,0,0
fc_openrouter_gpt_oss_120b,traj_001,profile.locale,20,1.0,False,0,,,0.0,,,20,0,0,0,0
fc_openrouter_gpt_oss_120b,traj_001,profile.region,20,1.0,False,0,,,0.0,,,20,0,0,0,0
fc_openrouter_gpt_oss_120b,traj_002,cashflow.recent_one_off_expense,20,0.35,True,3,0.0,0.0,0.0,0.0,0.0,7,0,13,0,0
fc_openrouter_gpt_oss_120b,traj_002,education.child_education_stage,20,1.0,False,0,,,0.0,,,20,0,0,0,0
fc_openrouter_gpt_oss_120b,traj_002,education.self_education_status,20,0.05,True,1,0.0,0.0,0.0,0.0,0.0,1,0,19,0,0
fc_openrouter_gpt_oss_120b,traj_002,employment.employer,20,0.1,True,7,0.0,0.0,0.0,0.0,0.0,2,0,13,0,5
fc_openrouter_gpt_oss_120b,traj_002,employment.employment_status,20,0.45,True,4,0.0,0.1,0.6666666666666666,0.16666666666666666,0.26666666666666666,7,1,10,2,0
fc_openrouter_gpt_oss_120b,traj_002,employment.income_stability,20,0.4,True,4,0.0,0.05,0.5,0.08333333333333333,0.14285714285714285,7,1,11,1,0
fc_openrouter_gpt_oss_120b,traj_002,employment.occupation,20,0.85,False,0,,,0.0,,,17,3,0,0,0
fc_openrouter_gpt_oss_120b,traj_002,employment.salary_account,20,0.35,True,3,0.0,0.0,0.0,0.0,0.0,7,1,11,0,1
fc_openrouter_gpt_oss_120b,traj_002,employment.salary_day,20,0.15,True,6,0.16666666666666666,0.16666666666666666,0.16666666666666666,0.058823529411764705,0.08695652173913045,2,1,12,1,4
fc_openrouter_gpt_oss_120b,traj_002,financial_products.checking_accounts,20,1.0,False,0,,,0.0,,,20,0,0,0,0
fc_openrouter_gpt_oss_120b,traj_002,financial_products.loans,20,0.5,True,1,0.0,0.0,0.0,0.0,0.0,10,0,10,0,0
fc_openrouter_gpt_oss_120b,traj_002,financial_products.pension_or_irp,20,1.0,False,0,,,0.0,,,20,0,0,0,0
fc_openrouter_gpt_oss_120b,traj_002,financial_products.savings_accounts,20,1.0,False,0,,,0.0,,,20,0,0,0,0
fc_openrouter_gpt_oss_120b,traj_002,goals.child_education_goal,20,1.0,False,0,,,0.0,,,20,0,0,0,0
fc_openrouter_gpt_oss_120b,traj_002,goals.emergency_fund,20,1.0,False,0,,,0.0,,,20,0,0,0,0
fc_openrouter_gpt_oss_120b,traj_002,goals.housing_deposit_goal,20,0.95,False,0,,,0.0,,,19,1,0,0,0
fc_openrouter_gpt_oss_120b,traj_002,goals.retirement_goal,20,1.0,False,0,,,0.0,,,20,0,0,0,0
fc_openrouter_gpt_oss_120b,traj_002,household.child_support_arrangement,20,1.0,False,0,,,0.0,,,20,0,0,0,0
fc_openrouter_gpt_oss_120b,traj_002,household.children,20,1.0,False,0,,,0.0,,,20,0,0,0,0
fc_openrouter_gpt_oss_120b,traj_002,household.dependents,20,0.95,True,1,0.0,0.0,0.0,0.0,0.0,19,0,1,0,0
fc_openrouter_gpt_oss_120b,traj_002,household.marital_status,20,0.85,True,1,0.0,0.0,0.0,0.0,0.0,17,0,3,0,0
fc_openrouter_gpt_oss_120b,traj_002,household.spouse_or_partner,20,0.85,True,1,0.0,0.0,0.0,0.0,0.0,17,0,3,0,0
fc_openrouter_gpt_oss_120b,traj_002,housing.address,20,0.4,True,4,0.5,0.5,0.3888888888888889,0.6363636363636364,0.4827586206896552,1,8,1,7,3
fc_openrouter_gpt_oss_120b,traj_002,housing.contract_type,20,0.5,True,3,0.3333333333333333,0.08333333333333333,0.25,0.1111111111111111,0.15384615384615383,9,2,7,1,1
fc_openrouter_gpt_oss_120b,traj_002,housing.maintenance_fee_payee,20,1.0,False,0,,,0.0,,,20,0,0,0,0
fc_openrouter_gpt_oss_120b,traj_002,housing.mortgage_status,20,0.5,True,1,0.0,0.0,0.0,0.0,0.0,10,0,10,0,0
fc_openrouter_gpt_oss_120b,traj_002,housing.primary_residence_property_id,20,0.5,True,1,0.0,0.0,0.0,0.0,0.0,10,0,10,0,0
fc_openrouter_gpt_oss_120b,traj_002,housing.properties,20,0.5,True,1,0.0,0.0,0.0,0.0,0.0,10,0,10,0,0
fc_openrouter_gpt_oss_120b,traj_002,housing.rent_amount,20,0.6,True,3,0.3333333333333333,0.08333333333333333,1.0,0.1111111111111111,0.19999999999999998,11,0,8,1,0
fc_openrouter_gpt_oss_120b,traj_002,housing.rent_payee,20,0.15,True,2,0.0,0.0,0.0,0.0,0.0,3,0,16,0,1
fc_openrouter_gpt_oss_120b,traj_002,housing.residence_status,20,0.55,True,3,0.3333333333333333,0.16666666666666666,0.4,0.2222222222222222,0.2857142857142857,9,2,6,2,1
fc_openrouter_gpt_oss_120b,traj_002,profile.age,20,0.95,False,0,,,0.0,,,19,1,0,0,0
fc_openrouter_gpt_oss_120b,traj_002,profile.locale,20,1.0,False,0,,,0.0,,,20,0,0,0,0
fc_openrouter_gpt_oss_120b,traj_002,profile.region,20,1.0,False,0,,,0.0,,,20,0,0,0,0
fc_openrouter_gpt_oss_120b,traj_003,cashflow.recent_one_off_expense,20,0.45,True,3,0.0,0.0,0.0,0.0,0.0,9,0,11,0,0
fc_openrouter_gpt_oss_120b,traj_003,education.child_education_stage,20,0.9,False,0,,,0.0,,,18,2,0,0,0
fc_openrouter_gpt_oss_120b,traj_003,education.self_education_status,20,0.15,True,1,0.0,0.0,0.0,0.0,0.0,3,0,17,0,0
fc_openrouter_gpt_oss_120b,traj_003,employment.employer,20,0.1,True,6,0.16666666666666666,0.1111111111111111,0.18181818181818182,0.1,0.12903225806451613,0,0,9,2,9
fc_openrouter_gpt_oss_120b,traj_003,employment.employment_status,20,0.55,True,4,0.5,0.625,0.5789473684210527,0.7857142857142857,0.6666666666666667,0,6,1,11,2
fc_openrouter_gpt_oss_120b,traj_003,employment.income_stability,20,0.2,True,5,0.2,0.15,0.26666666666666666,0.2,0.2285714285714286,0,0,5,4,11
fc_openrouter_gpt_oss_120b,traj_003,employment.occupation,20,0.85,False,0,,,0.0,,,17,3,0,0,0
fc_openrouter_gpt_oss_120b,traj_003,employment.salary_account,20,0.45,True,7,0.5714285714285714,0.5238095238095238,0.75,0.45,0.5625000000000001,0,0,8,9,3
fc_openrouter_gpt_oss_120b,traj_003,employment.salary_day,20,0.1,True,7,0.2857142857142857,0.19047619047619047,0.15384615384615385,0.1,0.12121212121212123,0,0,7,2,11
fc_openrouter_gpt_oss_120b,traj_003,financial_products.checking_accounts,20,1.0,False,0,,,0.0,,,20,0,0,0,0
fc_openrouter_gpt_oss_120b,traj_003,financial_products.loans,20,0.3,True,1,0.0,0.0,0.0,0.0,0.0,6,0,14,0,0
fc_openrouter_gpt_oss_120b,traj_003,financial_products.pension_or_irp,20,0.9,False,0,,,0.0,,,18,2,0,0,0
fc_openrouter_gpt_oss_120b,traj_003,financial_products.savings_accounts,20,1.0,False,0,,,0.0,,,20,0,0,0,0
fc_openrouter_gpt_oss_120b,traj_003,goals.child_education_goal,20,0.6,True,2,0.0,0.0,0.0,0.0,0.0,12,0,7,0,1
fc_openrouter_gpt_oss_120b,traj_003,goals.emergency_fund,20,1.0,False,0,,,0.0,,,20,0,0,0,0
fc_openrouter_gpt_oss_120b,traj_003,goals.housing_deposit_goal,20,1.0,False,0,,,0.0,,,20,0,0,0,0
fc_openrouter_gpt_oss_120b,traj_003,goals.retirement_goal,20,1.0,False,0,,,0.0,,,20,0,0,0,0
fc_openrouter_gpt_oss_120b,traj_003,household.child_support_arrangement,20,0.9,False,0,,,0.0,,,18,2,0,0,0
fc_openrouter_gpt_oss_120b,traj_003,household.children,20,0.6,True,2,0.0,0.0,0.0,0.0,0.0,12,0,8,0,0
fc_openrouter_gpt_oss_120b,traj_003,household.dependents,20,0.6,True,2,0.0,0.0,0.0,0.0,0.0,12,0,8,0,0
fc_openrouter_gpt_oss_120b,traj_003,household.marital_status,20,0.25,True,1,0.0,0.0,0.0,0.0,0.0,5,0,15,0,0
fc_openrouter_gpt_oss_120b,traj_003,household.spouse_or_partner,20,0.25,True,1,0.0,0.0,0.0,0.0,0.0,5,0,13,0,2
fc_openrouter_gpt_oss_120b,traj_003,housing.address,20,0.6,True,5,0.6,0.3333333333333333,0.5789473684210527,0.5789473684210527,0.5789473684210527,1,0,0,11,8
fc_openrouter_gpt_oss_120b,traj_003,housing.contract_type,20,0.5,True,3,0.0,0.0,0.0,0.0,0.0,10,0,10,0,0
fc_openrouter_gpt_oss_120b,traj_003,housing.maintenance_fee_payee,20,0.6,True,1,0.0,0.0,0.0,0.0,0.0,12,1,6,0,1
fc_openrouter_gpt_oss_120b,traj_003,housing.mortgage_status,20,0.65,True,1,0.0,0.0,0.0,0.0,0.0,13,0,7,0,0
fc_openrouter_gpt_oss_120b,traj_003,housing.primary_residence_property_id,20,0.3,True,2,0.0,0.0,0.0,0.0,0.0,6,0,12,0,2
fc_openrouter_gpt_oss_120b,traj_003,housing.properties,20,0.3,True,3,0.0,0.0,0.0,0.0,0.0,6,0,14,0,0
fc_openrouter_gpt_oss_120b,traj_003,housing.rent_amount,20,0.9,False,0,,,0.0,,,18,2,0,0,0
fc_openrouter_gpt_oss_120b,traj_003,housing.rent_payee,20,0.9,False,0,,,0.0,,,18,2,0,0,0
fc_openrouter_gpt_oss_120b,traj_003,housing.residence_status,20,0.5,True,3,0.0,0.0,0.0,0.0,0.0,10,0,10,0,0
fc_openrouter_gpt_oss_120b,traj_003,profile.age,20,1.0,False,0,,,0.0,,,20,0,0,0,0
fc_openrouter_gpt_oss_120b,traj_003,profile.locale,20,1.0,False,0,,,0.0,,,20,0,0,0,0
fc_openrouter_gpt_oss_120b,traj_003,profile.region,20,0.3,False,0,,,0.0,,,6,14,0,0,0
fc_openrouter_gpt_oss_120b,traj_004,cashflow.recent_one_off_expense,20,0.05,True,3,0.0,0.0,0.0,0.0,0.0,1,0,19,0,0
fc_openrouter_gpt_oss_120b,traj_004,education.child_education_stage,20,1.0,False,0,,,0.0,,,20,0,0,0,0
fc_openrouter_gpt_oss_120b,traj_004,education.self_education_status,20,0.1,True,1,0.0,0.0,0.0,0.0,0.0,2,0,18,0,0
fc_openrouter_gpt_oss_120b,traj_004,employment.employer,20,0.2,True,6,0.0,0.0,0.0,0.0,0.0,4,0,16,0,0
fc_openrouter_gpt_oss_120b,traj_004,employment.employment_status,20,0.25,True,3,0.0,0.030303030303030304,1.0,0.0625,0.11764705882352941,4,0,15,1,0
fc_openrouter_gpt_oss_120b,traj_004,employment.income_stability,20,0.25,True,3,0.0,0.030303030303030304,1.0,0.0625,0.11764705882352941,4,0,15,1,0
fc_openrouter_gpt_oss_120b,traj_004,employment.occupation,20,1.0,False,0,,,0.0,,,20,0,0,0,0
fc_openrouter_gpt_oss_120b,traj_004,employment.salary_account,20,0.2,True,7,0.0,0.0,0.0,0.0,0.0,4,0,16,0,0
fc_openrouter_gpt_oss_120b,traj_004,employment.salary_day,20,0.2,True,7,0.0,0.0,0.0,0.0,0.0,4,0,15,0,1
fc_openrouter_gpt_oss_120b,traj_004,financial_products.checking_accounts,20,1.0,False,0,,,0.0,,,20,0,0,0,0
fc_openrouter_gpt_oss_120b,traj_004,financial_products.loans,20,0.4,True,1,0.0,0.0,0.0,0.0,0.0,8,0,12,0,0
fc_openrouter_gpt_oss_120b,traj_004,financial_products.pension_or_irp,20,1.0,False,0,,,0.0,,,20,0,0,0,0
fc_openrouter_gpt_oss_120b,traj_004,financial_products.savings_accounts,20,1.0,False,0,,,0.0,,,20,0,0,0,0
fc_openrouter_gpt_oss_120b,traj_004,goals.child_education_goal,20,0.65,True,2,0.0,0.0,0.0,0.0,0.0,13,0,7,0,0
fc_openrouter_gpt_oss_120b,traj_004,goals.emergency_fund,20,1.0,False,0,,,0.0,,,20,0,0,0,0
fc_openrouter_gpt_oss_120b,traj_004,goals.housing_deposit_goal,20,1.0,False,0,,,0.0,,,20,0,0,0,0
fc_openrouter_gpt_oss_120b,traj_004,goals.retirement_goal,20,1.0,False,0,,,0.0,,,20,0,0,0,0
fc_openrouter_gpt_oss_120b,traj_004,household.child_support_arrangement,20,0.8,True,1,0.0,0.0,0.0,0.0,0.0,16,0,4,0,0
fc_openrouter_gpt_oss_120b,traj_004,household.children,20,0.65,True,2,0.0,0.0,0.0,0.0,0.0,13,0,7,0,0
fc_openrouter_gpt_oss_120b,traj_004,household.dependents,20,0.65,True,1,0.0,0.0,0.0,0.0,0.0,13,0,7,0,0
fc_openrouter_gpt_oss_120b,traj_004,household.marital_status,20,0.55,True,2,0.0,0.0,0.0,0.0,0.0,11,0,9,0,0
fc_openrouter_gpt_oss_120b,traj_004,household.spouse_or_partner,20,0.55,True,2,0.0,0.0,0.0,0.0,0.0,11,0,9,0,0
fc_openrouter_gpt_oss_120b,traj_004,housing.address,20,0.3,True,6,0.3333333333333333,0.2777777777777778,0.4,0.3,0.34285714285714286,0,0,5,6,9
fc_openrouter_gpt_oss_120b,traj_004,housing.contract_type,20,0.45,True,1,0.0,0.0,0.0,0.0,0.0,9,0,11,0,0
fc_openrouter_gpt_oss_120b,traj_004,housing.maintenance_fee_payee,20,1.0,False,0,,,0.0,,,20,0,0,0,0
fc_openrouter_gpt_oss_120b,traj_004,housing.mortgage_status,20,0.4,True,2,0.0,0.0,0.0,0.0,0.0,8,0,12,0,0
fc_openrouter_gpt_oss_120b,traj_004,housing.primary_residence_property_id,20,0.4,True,2,0.0,0.0,0.0,0.0,0.0,8,0,12,0,0
fc_openrouter_gpt_oss_120b,traj_004,housing.properties,20,0.4,True,3,0.0,0.0,0.0,0.0,0.0,8,0,12,0,0
fc_openrouter_gpt_oss_120b,traj_004,housing.rent_amount,20,0.0,True,3,0.0,0.0,0.0,0.0,0.0,0,0,19,0,1
fc_openrouter_gpt_oss_120b,traj_004,housing.rent_payee,20,0.45,True,1,0.0,0.0,0.0,0.0,0.0,9,0,11,0,0
fc_openrouter_gpt_oss_120b,traj_004,housing.residence_status,20,0.45,True,1,0.0,0.0,0.0,0.0,0.0,9,0,11,0,0
fc_openrouter_gpt_oss_120b,traj_004,profile.age,20,1.0,False,0,,,0.0,,,20,0,0,0,0
fc_openrouter_gpt_oss_120b,traj_004,profile.locale,20,1.0,False,0,,,0.0,,,20,0,0,0,0
fc_openrouter_gpt_oss_120b,traj_004,profile.region,20,0.95,False,0,,,0.0,,,19,1,0,0,0
fc_openrouter_gpt_oss_120b,traj_005,cashflow.recent_one_off_expense,20,0.05,True,2,0.0,0.0,0.0,0.0,0.0,1,0,19,0,0
fc_openrouter_gpt_oss_120b,traj_005,education.child_education_stage,20,0.55,True,2,0.0,0.0,0.0,0.0,0.0,11,0,9,0,0
fc_openrouter_gpt_oss_120b,traj_005,education.self_education_status,20,0.2,True,1,0.0,0.0,0.0,0.0,0.0,4,0,16,0,0
fc_openrouter_gpt_oss_120b,traj_005,employment.employer,20,0.0,True,5,0.0,0.0,0.0,0.0,0.0,0,0,18,0,2
fc_openrouter_gpt_oss_120b,traj_005,employment.employment_status,20,0.15,True,3,0.0,0.05882352941176471,1.0,0.15,0.2608695652173913,0,0,17,3,0
fc_openrouter_gpt_oss_120b,traj_005,employment.income_stability,20,0.15,True,3,0.0,0.05882352941176471,1.0,0.15,0.2608695652173913,0,0,17,3,0
fc_openrouter_gpt_oss_120b,traj_005,employment.occupation,20,1.0,False,0,,,0.0,,,20,0,0,0,0
fc_openrouter_gpt_oss_120b,traj_005,employment.salary_account,20,0.2,True,5,0.0,0.08888888888888888,1.0,0.2,0.33333333333333337,0,0,16,4,0
fc_openrouter_gpt_oss_120b,traj_005,employment.salary_day,20,0.05,True,4,0.0,0.016666666666666666,0.2,0.05,0.08000000000000002,0,0,15,1,4
fc_openrouter_gpt_oss_120b,traj_005,financial_products.checking_accounts,20,1.0,False,0,,,0.0,,,20,0,0,0,0
fc_openrouter_gpt_oss_120b,traj_005,financial_products.loans,20,0.45,True,1,0.0,0.0,0.0,0.0,0.0,9,0,11,0,0
fc_openrouter_gpt_oss_120b,traj_005,financial_products.pension_or_irp,20,1.0,False,0,,,0.0,,,20,0,0,0,0
fc_openrouter_gpt_oss_120b,traj_005,financial_products.savings_accounts,20,1.0,False,0,,,0.0,,,20,0,0,0,0
fc_openrouter_gpt_oss_120b,traj_005,goals.child_education_goal,20,1.0,False,0,,,0.0,,,20,0,0,0,0
fc_openrouter_gpt_oss_120b,traj_005,goals.emergency_fund,20,1.0,False,0,,,0.0,,,20,0,0,0,0
fc_openrouter_gpt_oss_120b,traj_005,goals.housing_deposit_goal,20,1.0,False,0,,,0.0,,,20,0,0,0,0
fc_openrouter_gpt_oss_120b,traj_005,goals.retirement_goal,20,1.0,False,0,,,0.0,,,20,0,0,0,0
fc_openrouter_gpt_oss_120b,traj_005,household.child_support_arrangement,20,0.25,True,1,0.0,0.0,0.0,0.0,0.0,5,0,15,0,0
fc_openrouter_gpt_oss_120b,traj_005,household.children,20,0.2,True,3,0.0,0.05555555555555555,1.0,0.058823529411764705,0.1111111111111111,3,0,16,1,0
fc_openrouter_gpt_oss_120b,traj_005,household.dependents,20,0.25,True,2,0.0,0.08333333333333333,1.0,0.0625,0.11764705882352941,4,0,15,1,0
fc_openrouter_gpt_oss_120b,traj_005,household.marital_status,20,0.85,True,1,0.0,0.0,0.0,0.0,0.0,17,0,3,0,0
fc_openrouter_gpt_oss_120b,traj_005,household.spouse_or_partner,20,0.85,True,1,0.0,0.0,0.0,0.0,0.0,17,0,3,0,0
fc_openrouter_gpt_oss_120b,traj_005,housing.address,20,0.7,True,3,0.6666666666666666,0.8,0.6363636363636364,0.5384615384615384,0.5833333333333334,7,0,2,7,4
fc_openrouter_gpt_oss_120b,traj_005,housing.contract_type,20,0.65,True,3,0.0,0.0,0.0,0.0,0.0,13,0,7,0,0
fc_openrouter_gpt_oss_120b,traj_005,housing.maintenance_fee_payee,20,1.0,False,0,,,0.0,,,20,0,0,0,0
fc_openrouter_gpt_oss_120b,traj_005,housing.mortgage_status,20,0.45,True,2,0.0,0.0,0.0,0.0,0.0,9,0,11,0,0
fc_openrouter_gpt_oss_120b,traj_005,housing.primary_residence_property_id,20,0.45,True,2,0.0,0.0,0.0,0.0,0.0,9,0,11,0,0
fc_openrouter_gpt_oss_120b,traj_005,housing.properties,20,0.45,True,2,0.0,0.0,0.0,0.0,0.0,9,0,11,0,0
fc_openrouter_gpt_oss_120b,traj_005,housing.rent_amount,20,0.35,True,3,0.0,0.0,0.0,0.0,0.0,7,0,13,0,0
fc_openrouter_gpt_oss_120b,traj_005,housing.rent_payee,20,0.75,True,2,0.0,0.0,0.0,0.0,0.0,15,0,5,0,0
fc_openrouter_gpt_oss_120b,traj_005,housing.residence_status,20,0.65,True,3,0.0,0.0,0.0,0.0,0.0,13,0,7,0,0
fc_openrouter_gpt_oss_120b,traj_005,profile.age,20,1.0,False,0,,,0.0,,,20,0,0,0,0
fc_openrouter_gpt_oss_120b,traj_005,profile.locale,20,1.0,False,0,,,0.0,,,20,0,0,0,0
fc_openrouter_gpt_oss_120b,traj_005,profile.region,20,0.95,False,0,,,0.0,,,19,1,0,0,0
fc_openrouter_gpt_oss_120b,traj_006,cashflow.recent_one_off_expense,20,0.6,True,4,0.0,0.0,0.0,0.0,0.0,12,0,8,0,0
fc_openrouter_gpt_oss_120b,traj_006,education.child_education_stage,20,0.55,True,1,0.0,0.0,0.0,0.0,0.0,11,4,5,0,0
fc_openrouter_gpt_oss_120b,traj_006,education.self_education_status,20,1.0,False,0,,,0.0,,,20,0,0,0,0
fc_openrouter_gpt_oss_120b,traj_006,employment.employer,20,0.05,True,5,0.0,0.0,0.0,0.0,0.0,1,0,19,0,0
fc_openrouter_gpt_oss_120b,traj_006,employment.employment_status,20,0.6,True,2,0.0,0.0,0.0,0.0,0.0,12,0,8,0,0
fc_openrouter_gpt_oss_120b,traj_006,employment.income_stability,20,0.6,True,2,0.0,0.0,0.0,0.0,0.0,12,0,8,0,0
fc_openrouter_gpt_oss_120b,traj_006,employment.occupation,20,1.0,False,0,,,0.0,,,20,0,0,0,0
fc_openrouter_gpt_oss_120b,traj_006,employment.salary_account,20,0.6,True,3,0.0,0.0,0.0,0.0,0.0,12,0,8,0,0
fc_openrouter_gpt_oss_120b,traj_006,employment.salary_day,20,0.05,True,4,0.0,0.0,0.0,0.0,0.0,1,0,19,0,0
fc_openrouter_gpt_oss_120b,traj_006,financial_products.checking_accounts,20,1.0,False,0,,,0.0,,,20,0,0,0,0
fc_openrouter_gpt_oss_120b,traj_006,financial_products.loans,20,0.2,True,1,0.0,0.0,0.0,0.0,0.0,4,0,16,0,0
fc_openrouter_gpt_oss_120b,traj_006,financial_products.pension_or_irp,20,1.0,False,0,,,0.0,,,20,0,0,0,0
fc_openrouter_gpt_oss_120b,traj_006,financial_products.savings_accounts,20,1.0,False,0,,,0.0,,,20,0,0,0,0
fc_openrouter_gpt_oss_120b,traj_006,goals.child_education_goal,20,1.0,False,0,,,0.0,,,20,0,0,0,0
fc_openrouter_gpt_oss_120b,traj_006,goals.emergency_fund,20,1.0,False,0,,,0.0,,,20,0,0,0,0
fc_openrouter_gpt_oss_120b,traj_006,goals.housing_deposit_goal,20,1.0,False,0,,,0.0,,,20,0,0,0,0
fc_openrouter_gpt_oss_120b,traj_006,goals.retirement_goal,20,1.0,False,0,,,0.0,,,20,0,0,0,0
fc_openrouter_gpt_oss_120b,traj_006,household.child_support_arrangement,20,1.0,False,0,,,0.0,,,20,0,0,0,0
fc_openrouter_gpt_oss_120b,traj_006,household.children,20,0.6,True,1,0.0,0.0,0.0,0.0,0.0,12,0,8,0,0
fc_openrouter_gpt_oss_120b,traj_006,household.dependents,20,0.35,True,2,0.0,0.0,0.0,0.0,0.0,7,0,13,0,0
fc_openrouter_gpt_oss_120b,traj_006,household.marital_status,20,1.0,False,0,,,0.0,,,20,0,0,0,0
fc_openrouter_gpt_oss_120b,traj_006,household.spouse_or_partner,20,1.0,False,0,,,0.0,,,20,0,0,0,0
fc_openrouter_gpt_oss_120b,traj_006,housing.address,20,0.65,True,6,0.5,0.4166666666666667,0.65,0.65,0.65,0,0,0,13,7
fc_openrouter_gpt_oss_120b,traj_006,housing.contract_type,20,0.25,True,3,0.0,0.0,0.0,0.0,0.0,5,0,15,0,0
fc_openrouter_gpt_oss_120b,traj_006,housing.maintenance_fee_payee,20,0.25,True,2,0.0,0.0,0.0,0.0,0.0,5,0,15,0,0
fc_openrouter_gpt_oss_120b,traj_006,housing.mortgage_status,20,0.45,True,2,0.0,0.0,0.0,0.0,0.0,9,0,11,0,0
fc_openrouter_gpt_oss_120b,traj_006,housing.primary_residence_property_id,20,0.2,True,2,0.0,0.0,0.0,0.0,0.0,4,0,16,0,0
fc_openrouter_gpt_oss_120b,traj_006,housing.properties,20,0.2,True,3,0.0,0.0,0.0,0.0,0.0,4,0,16,0,0
fc_openrouter_gpt_oss_120b,traj_006,housing.rent_amount,20,0.0,True,4,0.0,0.0,0.0,0.0,0.0,0,0,20,0,0
fc_openrouter_gpt_oss_120b,traj_006,housing.rent_payee,20,0.95,True,1,0.0,0.0,0.0,0.0,0.0,19,0,1,0,0
fc_openrouter_gpt_oss_120b,traj_006,housing.residence_status,20,0.25,True,3,0.0,0.0,0.0,0.0,0.0,5,0,15,0,0
fc_openrouter_gpt_oss_120b,traj_006,profile.age,20,1.0,False,0,,,0.0,,,20,0,0,0,0
fc_openrouter_gpt_oss_120b,traj_006,profile.locale,20,1.0,False,0,,,0.0,,,20,0,0,0,0
fc_openrouter_gpt_oss_120b,traj_006,profile.region,20,1.0,False,0,,,0.0,,,20,0,0,0,0
fc_openrouter_gpt_oss_120b,traj_007,cashflow.recent_one_off_expense,20,0.4,True,3,0.0,0.0,0.0,0.0,0.0,8,0,12,0,0
fc_openrouter_gpt_oss_120b,traj_007,education.child_education_stage,20,0.35,True,3,0.0,0.0,0.0,0.0,0.0,7,0,13,0,0
fc_openrouter_gpt_oss_120b,traj_007,education.self_education_status,20,1.0,False,0,,,0.0,,,20,0,0,0,0
fc_openrouter_gpt_oss_120b,traj_007,employment.employer,20,0.45,True,5,0.0,0.0,0.0,0.0,0.0,9,0,11,0,0
fc_openrouter_gpt_oss_120b,traj_007,employment.employment_status,20,0.55,True,4,0.0,0.0,0.0,0.0,0.0,11,0,9,0,0
fc_openrouter_gpt_oss_120b,traj_007,employment.income_stability,20,0.55,True,4,0.0,0.0,0.0,0.0,0.0,11,0,9,0,0
fc_openrouter_gpt_oss_120b,traj_007,employment.occupation,20,1.0,False,0,,,0.0,,,20,0,0,0,0
fc_openrouter_gpt_oss_120b,traj_007,employment.salary_account,20,0.65,True,3,0.0,0.0,0.0,0.0,0.0,13,0,7,0,0
fc_openrouter_gpt_oss_120b,traj_007,employment.salary_day,20,0.35,True,5,0.0,0.0,0.0,0.0,0.0,7,0,13,0,0
fc_openrouter_gpt_oss_120b,traj_007,financial_products.checking_accounts,20,1.0,False,0,,,0.0,,,20,0,0,0,0
fc_openrouter_gpt_oss_120b,traj_007,financial_products.loans,20,1.0,False,0,,,0.0,,,20,0,0,0,0
fc_openrouter_gpt_oss_120b,traj_007,financial_products.pension_or_irp,20,1.0,False,0,,,0.0,,,20,0,0,0,0
fc_openrouter_gpt_oss_120b,traj_007,financial_products.savings_accounts,20,1.0,False,0,,,0.0,,,20,0,0,0,0
fc_openrouter_gpt_oss_120b,traj_007,goals.child_education_goal,20,1.0,False,0,,,0.0,,,20,0,0,0,0
fc_openrouter_gpt_oss_120b,traj_007,goals.emergency_fund,20,1.0,False,0,,,0.0,,,20,0,0,0,0
fc_openrouter_gpt_oss_120b,traj_007,goals.housing_deposit_goal,20,1.0,False,0,,,0.0,,,20,0,0,0,0
fc_openrouter_gpt_oss_120b,traj_007,goals.retirement_goal,20,1.0,False,0,,,0.0,,,20,0,0,0,0
fc_openrouter_gpt_oss_120b,traj_007,household.child_support_arrangement,20,0.25,True,1,0.0,0.0,0.0,0.0,0.0,5,0,15,0,0
fc_openrouter_gpt_oss_120b,traj_007,household.children,20,0.1,True,1,0.0,0.0,0.0,0.0,0.0,2,0,18,0,0
fc_openrouter_gpt_oss_120b,traj_007,household.dependents,20,0.45,True,3,0.0,0.0,0.0,0.0,0.0,9,0,11,0,0
fc_openrouter_gpt_oss_120b,traj_007,household.marital_status,20,0.25,True,1,0.0,0.0,0.0,0.0,0.0,5,0,15,0,0
fc_openrouter_gpt_oss_120b,traj_007,household.spouse_or_partner,20,0.25,True,1,0.0,0.0,0.0,0.0,0.0,5,0,15,0,0
fc_openrouter_gpt_oss_120b,traj_007,housing.address,20,1.0,False,0,,,0.0,,,20,0,0,0,0
fc_openrouter_gpt_oss_120b,traj_007,housing.contract_type,20,1.0,False,0,,,0.0,,,20,0,0,0,0
fc_openrouter_gpt_oss_120b,traj_007,housing.maintenance_fee_payee,20,1.0,False,0,,,0.0,,,20,0,0,0,0
fc_openrouter_gpt_oss_120b,traj_007,housing.mortgage_status,20,1.0,False,0,,,0.0,,,20,0,0,0,0
fc_openrouter_gpt_oss_120b,traj_007,housing.primary_residence_property_id,20,1.0,False,0,,,0.0,,,20,0,0,0,0
fc_openrouter_gpt_oss_120b,traj_007,housing.properties,20,1.0,False,0,,,0.0,,,20,0,0,0,0
fc_openrouter_gpt_oss_120b,traj_007,housing.rent_amount,20,1.0,False,0,,,0.0,,,20,0,0,0,0
fc_openrouter_gpt_oss_120b,traj_007,housing.rent_payee,20,1.0,False,0,,,0.0,,,20,0,0,0,0
fc_openrouter_gpt_oss_120b,traj_007,housing.residence_status,20,1.0,False,0,,,0.0,,,20,0,0,0,0
fc_openrouter_gpt_oss_120b,traj_007,profile.age,20,1.0,False,0,,,0.0,,,20,0,0,0,0
fc_openrouter_gpt_oss_120b,traj_007,profile.locale,20,1.0,False,0,,,0.0,,,20,0,0,0,0
fc_openrouter_gpt_oss_120b,traj_007,profile.region,20,1.0,False,0,,,0.0,,,20,0,0,0,0
fc_openrouter_gpt_oss_120b,traj_008,cashflow.recent_one_off_expense,20,1.0,False,0,,,0.0,,,20,0,0,0,0
fc_openrouter_gpt_oss_120b,traj_008,education.child_education_stage,20,0.95,True,1,0.0,0.0,0.0,0.0,0.0,19,0,1,0,0
fc_openrouter_gpt_oss_120b,traj_008,education.self_education_status,20,0.25,True,1,0.0,0.0,0.0,0.0,0.0,5,0,15,0,0
fc_openrouter_gpt_oss_120b,traj_008,employment.employer,20,0.15,True,6,0.0,0.041666666666666664,0.14285714285714285,0.05555555555555555,0.08,2,0,11,1,6
fc_openrouter_gpt_oss_120b,traj_008,employment.employment_status,20,0.55,True,5,0.0,0.0,0.0,0.0,0.0,11,0,9,0,0
fc_openrouter_gpt_oss_120b,traj_008,employment.income_stability,20,0.55,True,5,0.0,0.0,0.0,0.0,0.0,11,0,9,0,0
fc_openrouter_gpt_oss_120b,traj_008,employment.occupation,20,1.0,False,0,,,0.0,,,20,0,0,0,0
fc_openrouter_gpt_oss_120b,traj_008,employment.salary_account,20,0.55,True,3,0.0,0.0,0.0,0.0,0.0,11,0,9,0,0
fc_openrouter_gpt_oss_120b,traj_008,employment.salary_day,20,0.25,True,5,0.0,0.0,0.0,0.0,0.0,5,2,8,0,5
fc_openrouter_gpt_oss_120b,traj_008,financial_products.checking_accounts,20,1.0,False,0,,,0.0,,,20,0,0,0,0
fc_openrouter_gpt_oss_120b,traj_008,financial_products.loans,20,0.75,True,1,0.0,0.0,0.0,0.0,0.0,15,0,5,0,0
fc_openrouter_gpt_oss_120b,traj_008,financial_products.pension_or_irp,20,1.0,False,0,,,0.0,,,20,0,0,0,0
fc_openrouter_gpt_oss_120b,traj_008,financial_products.savings_accounts,20,1.0,False,0,,,0.0,,,20,0,0,0,0
fc_openrouter_gpt_oss_120b,traj_008,goals.child_education_goal,20,0.45,True,2,0.0,0.0,0.0,0.0,0.0,9,0,11,0,0
fc_openrouter_gpt_oss_120b,traj_008,goals.emergency_fund,20,1.0,False,0,,,0.0,,,20,0,0,0,0
fc_openrouter_gpt_oss_120b,traj_008,goals.housing_deposit_goal,20,1.0,False,0,,,0.0,,,20,0,0,0,0
fc_openrouter_gpt_oss_120b,traj_008,goals.retirement_goal,20,1.0,False,0,,,0.0,,,20,0,0,0,0
fc_openrouter_gpt_oss_120b,traj_008,household.child_support_arrangement,20,1.0,False,0,,,0.0,,,20,0,0,0,0
fc_openrouter_gpt_oss_120b,traj_008,household.children,20,0.45,True,2,0.0,0.0,0.0,0.0,0.0,9,0,11,0,0
fc_openrouter_gpt_oss_120b,traj_008,household.dependents,20,0.0,True,4,0.0,0.0,0.0,0.0,0.0,0,0,20,0,0
fc_openrouter_gpt_oss_120b,traj_008,household.marital_status,20,1.0,False,0,,,0.0,,,20,0,0,0,0
fc_openrouter_gpt_oss_120b,traj_008,household.spouse_or_partner,20,1.0,False,0,,,0.0,,,20,0,0,0,0
fc_openrouter_gpt_oss_120b,traj_008,housing.address,20,0.5,True,5,0.4,0.4714285714285714,0.5625,0.47368421052631576,0.5142857142857142,1,0,3,9,7
fc_openrouter_gpt_oss_120b,traj_008,housing.contract_type,20,0.15,True,4,0.0,0.0,0.0,0.0,0.0,3,0,17,0,0
fc_openrouter_gpt_oss_120b,traj_008,housing.maintenance_fee_payee,20,0.3,True,2,0.0,0.0,0.0,0.0,0.0,6,0,13,0,1
fc_openrouter_gpt_oss_120b,traj_008,housing.mortgage_status,20,0.75,True,1,0.0,0.0,0.0,0.0,0.0,15,0,5,0,0
fc_openrouter_gpt_oss_120b,traj_008,housing.primary_residence_property_id,20,0.75,True,1,0.0,0.0,0.0,0.0,0.0,15,0,5,0,0
fc_openrouter_gpt_oss_120b,traj_008,housing.properties,20,0.75,True,1,0.0,0.0,0.0,0.0,0.0,15,0,5,0,0
fc_openrouter_gpt_oss_120b,traj_008,housing.rent_amount,20,0.85,True,1,0.0,0.0,0.0,0.0,0.0,17,0,3,0,0
fc_openrouter_gpt_oss_120b,traj_008,housing.rent_payee,20,0.5,True,2,0.0,0.0,0.0,0.0,0.0,10,0,10,0,0
fc_openrouter_gpt_oss_120b,traj_008,housing.residence_status,20,0.15,True,4,0.0,0.0,0.0,0.0,0.0,3,0,17,0,0
fc_openrouter_gpt_oss_120b,traj_008,profile.age,20,1.0,False,0,,,0.0,,,20,0,0,0,0
fc_openrouter_gpt_oss_120b,traj_008,profile.locale,20,1.0,False,0,,,0.0,,,20,0,0,0,0
fc_openrouter_gpt_oss_120b,traj_008,profile.region,20,0.9,False,0,,,0.0,,,18,2,0,0,0
fc_openrouter_gpt_oss_120b,traj_009,cashflow.recent_one_off_expense,20,0.1,True,1,0.0,0.05263157894736842,1.0,0.05263157894736842,0.1,1,0,18,1,0
fc_openrouter_gpt_oss_120b,traj_009,education.child_education_stage,20,0.85,True,1,0.0,0.0,0.0,0.0,0.0,17,1,2,0,0
fc_openrouter_gpt_oss_120b,traj_009,education.self_education_status,20,0.15,True,1,0.0,0.0,0.0,0.0,0.0,3,0,17,0,0
fc_openrouter_gpt_oss_120b,traj_009,employment.employer,20,0.1,True,7,0.0,0.0,0.0,0.0,0.0,2,0,12,0,6
fc_openrouter_gpt_oss_120b,traj_009,employment.employment_status,20,0.5,True,3,0.6666666666666666,0.7777777777777778,0.38461538461538464,0.7142857142857143,0.5,5,8,2,5,0
fc_openrouter_gpt_oss_120b,traj_009,employment.income_stability,20,0.5,True,3,0.0,0.0,0.0,0.0,0.0,10,3,5,0,2
fc_openrouter_gpt_oss_120b,traj_009,employment.occupation,20,0.75,False,0,,,0.0,,,15,5,0,0,0
fc_openrouter_gpt_oss_120b,traj_009,employment.salary_account,20,0.6,True,3,0.0,0.0,0.0,0.0,0.0,12,1,6,0,1
fc_openrouter_gpt_oss_120b,traj_009,employment.salary_day,20,0.4,True,5,0.0,0.0,0.0,0.0,0.0,8,1,9,0,2
fc_openrouter_gpt_oss_120b,traj_009,financial_products.checking_accounts,20,1.0,False,0,,,0.0,,,20,0,0,0,0
fc_openrouter_gpt_oss_120b,traj_009,financial_products.loans,20,0.95,True,1,0.0,0.0,0.0,0.0,0.0,19,0,1,0,0
fc_openrouter_gpt_oss_120b,traj_009,financial_products.pension_or_irp,20,1.0,False,0,,,0.0,,,20,0,0,0,0
fc_openrouter_gpt_oss_120b,traj_009,financial_products.savings_accounts,20,1.0,False,0,,,0.0,,,20,0,0,0,0
fc_openrouter_gpt_oss_120b,traj_009,goals.child_education_goal,20,0.2,True,3,0.0,0.0,0.0,0.0,0.0,4,0,16,0,0
fc_openrouter_gpt_oss_120b,traj_009,goals.emergency_fund,20,1.0,False,0,,,0.0,,,20,0,0,0,0
fc_openrouter_gpt_oss_120b,traj_009,goals.housing_deposit_goal,20,1.0,False,0,,,0.0,,,20,0,0,0,0
fc_openrouter_gpt_oss_120b,traj_009,goals.retirement_goal,20,1.0,False,0,,,0.0,,,20,0,0,0,0
fc_openrouter_gpt_oss_120b,traj_009,household.child_support_arrangement,20,0.95,False,0,,,0.0,,,19,1,0,0,0
fc_openrouter_gpt_oss_120b,traj_009,household.children,20,0.2,True,4,0.0,0.0,0.0,0.0,0.0,4,0,16,0,0
fc_openrouter_gpt_oss_120b,traj_009,household.dependents,20,0.5,True,3,0.0,0.0,0.0,0.0,0.0,10,0,10,0,0
fc_openrouter_gpt_oss_120b,traj_009,household.marital_status,20,1.0,False,0,,,0.0,,,20,0,0,0,0
fc_openrouter_gpt_oss_120b,traj_009,household.spouse_or_partner,20,1.0,False,0,,,0.0,,,20,0,0,0,0
fc_openrouter_gpt_oss_120b,traj_009,housing.address,20,0.7,True,5,0.4,0.5533333333333333,0.7,0.7,0.7,0,0,0,14,6
fc_openrouter_gpt_oss_120b,traj_009,housing.contract_type,20,0.0,True,4,0.0,0.0,0.0,0.0,0.0,0,0,20,0,0
fc_openrouter_gpt_oss_120b,traj_009,housing.maintenance_fee_payee,20,0.0,True,1,0.0,0.0,0.0,0.0,0.0,0,0,20,0,0
fc_openrouter_gpt_oss_120b,traj_009,housing.mortgage_status,20,0.95,True,1,0.0,0.0,0.0,0.0,0.0,19,0,1,0,0
fc_openrouter_gpt_oss_120b,traj_009,housing.primary_residence_property_id,20,0.9,True,1,0.0,0.0,0.0,0.0,0.0,18,1,1,0,0
fc_openrouter_gpt_oss_120b,traj_009,housing.properties,20,0.95,True,1,0.0,0.0,0.0,0.0,0.0,19,0,1,0,0
fc_openrouter_gpt_oss_120b,traj_009,housing.rent_amount,20,0.0,True,1,0.0,0.0,0.0,0.0,0.0,0,0,20,0,0
fc_openrouter_gpt_oss_120b,traj_009,housing.rent_payee,20,0.95,True,1,0.0,0.0,0.0,0.0,0.0,19,0,1,0,0
fc_openrouter_gpt_oss_120b,traj_009,housing.residence_status,20,0.0,True,4,0.0,0.0,0.0,0.0,0.0,0,0,20,0,0
fc_openrouter_gpt_oss_120b,traj_009,profile.age,20,1.0,False,0,,,0.0,,,20,0,0,0,0
fc_openrouter_gpt_oss_120b,traj_009,profile.locale,20,1.0,False,0,,,0.0,,,20,0,0,0,0
fc_openrouter_gpt_oss_120b,traj_009,profile.region,20,0.85,False,0,,,0.0,,,17,3,0,0,0
fc_openrouter_gpt_oss_120b,traj_010,cashflow.recent_one_off_expense,20,0.45,True,3,0.0,0.0,0.0,0.0,0.0,9,0,11,0,0
fc_openrouter_gpt_oss_120b,traj_010,education.child_education_stage,20,0.85,True,1,0.0,0.0,0.0,0.0,0.0,17,0,3,0,0
fc_openrouter_gpt_oss_120b,traj_010,education.self_education_status,20,0.35,True,1,0.0,0.0,0.0,0.0,0.0,7,0,13,0,0
fc_openrouter_gpt_oss_120b,traj_010,employment.employer,20,0.6,True,2,0.0,0.0,0.0,0.0,0.0,12,0,8,0,0
fc_openrouter_gpt_oss_120b,traj_010,employment.employment_status,20,0.55,True,2,0.0,0.0,0.0,0.0,0.0,11,0,9,0,0
fc_openrouter_gpt_oss_120b,traj_010,employment.income_stability,20,0.55,True,2,0.0,0.0,0.0,0.0,0.0,11,0,9,0,0
fc_openrouter_gpt_oss_120b,traj_010,employment.occupation,20,1.0,False,0,,,0.0,,,20,0,0,0,0
fc_openrouter_gpt_oss_120b,traj_010,employment.salary_account,20,0.55,True,2,0.0,0.0,0.0,0.0,0.0,11,0,9,0,0
fc_openrouter_gpt_oss_120b,traj_010,employment.salary_day,20,0.5,True,3,0.0,0.0,0.0,0.0,0.0,10,0,10,0,0
fc_openrouter_gpt_oss_120b,traj_010,financial_products.checking_accounts,20,1.0,False,0,,,0.0,,,20,0,0,0,0
fc_openrouter_gpt_oss_120b,traj_010,financial_products.loans,20,0.8,True,1,0.0,0.0,0.0,0.0,0.0,16,0,4,0,0
fc_openrouter_gpt_oss_120b,traj_010,financial_products.pension_or_irp,20,1.0,False,0,,,0.0,,,20,0,0,0,0
fc_openrouter_gpt_oss_120b,traj_010,financial_products.savings_accounts,20,1.0,False,0,,,0.0,,,20,0,0,0,0
fc_openrouter_gpt_oss_120b,traj_010,goals.child_education_goal,20,0.1,True,2,0.0,0.0,0.0,0.0,0.0,2,0,18,0,0
fc_openrouter_gpt_oss_120b,traj_010,goals.emergency_fund,20,1.0,False,0,,,0.0,,,20,0,0,0,0
fc_openrouter_gpt_oss_120b,traj_010,goals.housing_deposit_goal,20,1.0,False,0,,,0.0,,,20,0,0,0,0
fc_openrouter_gpt_oss_120b,traj_010,goals.retirement_goal,20,1.0,False,0,,,0.0,,,20,0,0,0,0
fc_openrouter_gpt_oss_120b,traj_010,household.child_support_arrangement,20,1.0,False,0,,,0.0,,,20,0,0,0,0
fc_openrouter_gpt_oss_120b,traj_010,household.children,20,0.1,True,3,0.0,0.0,0.0,0.0,0.0,2,0,18,0,0
fc_openrouter_gpt_oss_120b,traj_010,household.dependents,20,0.1,True,4,0.0,0.0,0.0,0.0,0.0,2,0,18,0,0
fc_openrouter_gpt_oss_120b,traj_010,household.marital_status,20,0.05,True,3,0.0,0.0,0.0,0.0,0.0,1,0,19,0,0
fc_openrouter_gpt_oss_120b,traj_010,household.spouse_or_partner,20,0.1,True,2,0.0,0.0,0.0,0.0,0.0,2,0,18,0,0
fc_openrouter_gpt_oss_120b,traj_010,housing.address,20,0.75,True,4,0.75,0.7638888888888888,0.8235294117647058,0.7777777777777778,0.7999999999999999,1,1,2,14,2
fc_openrouter_gpt_oss_120b,traj_010,housing.contract_type,20,0.1,True,4,0.0,0.0625,0.3333333333333333,0.05555555555555555,0.09523809523809525,1,1,16,1,1
fc_openrouter_gpt_oss_120b,traj_010,housing.maintenance_fee_payee,20,0.75,True,1,0.0,0.0,0.0,0.0,0.0,15,0,5,0,0
fc_openrouter_gpt_oss_120b,traj_010,housing.mortgage_status,20,0.8,True,1,0.0,0.0,0.0,0.0,0.0,16,0,4,0,0
fc_openrouter_gpt_oss_120b,traj_010,housing.primary_residence_property_id,20,0.8,True,1,0.0,0.0,0.0,0.0,0.0,16,0,4,0,0
fc_openrouter_gpt_oss_120b,traj_010,housing.properties,20,0.8,True,1,0.0,0.0,0.0,0.0,0.0,16,0,4,0,0
fc_openrouter_gpt_oss_120b,traj_010,housing.rent_amount,20,0.35,True,2,0.0,0.0,0.0,0.0,0.0,7,0,13,0,0
fc_openrouter_gpt_oss_120b,traj_010,housing.rent_payee,20,0.0,True,2,0.0,0.0,0.0,0.0,0.0,0,0,20,0,0
fc_openrouter_gpt_oss_120b,traj_010,housing.residence_status,20,0.1,True,4,0.0,0.0625,0.3333333333333333,0.05555555555555555,0.09523809523809525,1,1,16,1,1
fc_openrouter_gpt_oss_120b,traj_010,profile.age,20,1.0,False,0,,,0.0,,,20,0,0,0,0
fc_openrouter_gpt_oss_120b,traj_010,profile.locale,20,1.0,False,0,,,0.0,,,20,0,0,0,0
fc_openrouter_gpt_oss_120b,traj_010,profile.region,20,0.8,False,0,,,0.0,,,16,4,0,0,0
fc_openrouter_gpt_oss_120b,traj_011,cashflow.recent_one_off_expense,20,0.4,True,1,0.0,0.0,0.0,0.0,0.0,8,0,12,0,0
fc_openrouter_gpt_oss_120b,traj_011,education.child_education_stage,20,0.45,True,2,0.0,0.0,0.0,0.0,0.0,9,0,11,0,0
fc_openrouter_gpt_oss_120b,traj_011,education.self_education_status,20,0.35,True,1,0.0,0.0,0.0,0.0,0.0,7,0,13,0,0
fc_openrouter_gpt_oss_120b,traj_011,employment.employer,20,0.1,True,6,0.0,0.0,0.0,0.0,0.0,2,0,18,0,0
fc_openrouter_gpt_oss_120b,traj_011,employment.employment_status,20,0.35,True,6,0.0,0.0,0.0,0.0,0.0,7,0,13,0,0
fc_openrouter_gpt_oss_120b,traj_011,employment.income_stability,20,0.35,True,6,0.0,0.0,0.0,0.0,0.0,7,0,13,0,0
fc_openrouter_gpt_oss_120b,traj_011,employment.occupation,20,1.0,False,0,,,0.0,,,20,0,0,0,0
fc_openrouter_gpt_oss_120b,traj_011,employment.salary_account,20,0.55,True,3,0.0,0.0,0.0,0.0,0.0,11,0,9,0,0
fc_openrouter_gpt_oss_120b,traj_011,employment.salary_day,20,0.1,True,7,0.14285714285714285,0.14285714285714285,0.3333333333333333,0.05263157894736842,0.09090909090909091,1,0,16,1,2
fc_openrouter_gpt_oss_120b,traj_011,financial_products.checking_accounts,20,1.0,False,0,,,0.0,,,20,0,0,0,0
fc_openrouter_gpt_oss_120b,traj_011,financial_products.loans,20,0.15,True,1,0.0,0.0,0.0,0.0,0.0,3,0,17,0,0
fc_openrouter_gpt_oss_120b,traj_011,financial_products.pension_or_irp,20,1.0,False,0,,,0.0,,,20,0,0,0,0
fc_openrouter_gpt_oss_120b,traj_011,financial_products.savings_accounts,20,1.0,False,0,,,0.0,,,20,0,0,0,0
fc_openrouter_gpt_oss_120b,traj_011,goals.child_education_goal,20,1.0,False,0,,,0.0,,,20,0,0,0,0
fc_openrouter_gpt_oss_120b,traj_011,goals.emergency_fund,20,1.0,False,0,,,0.0,,,20,0,0,0,0
fc_openrouter_gpt_oss_120b,traj_011,goals.housing_deposit_goal,20,1.0,False,0,,,0.0,,,20,0,0,0,0
fc_openrouter_gpt_oss_120b,traj_011,goals.retirement_goal,20,1.0,False,0,,,0.0,,,20,0,0,0,0
fc_openrouter_gpt_oss_120b,traj_011,household.child_support_arrangement,20,0.2,True,1,0.0,0.0,0.0,0.0,0.0,4,0,16,0,0
fc_openrouter_gpt_oss_120b,traj_011,household.children,20,1.0,False,0,,,0.0,,,20,0,0,0,0
fc_openrouter_gpt_oss_120b,traj_011,household.dependents,20,0.25,True,1,0.0,0.0,0.0,0.0,0.0,5,0,15,0,0
fc_openrouter_gpt_oss_120b,traj_011,household.marital_status,20,0.2,True,1,0.0,0.0,0.0,0.0,0.0,4,0,16,0,0
fc_openrouter_gpt_oss_120b,traj_011,household.spouse_or_partner,20,0.2,True,1,0.0,0.0,0.0,0.0,0.0,4,0,16,0,0
fc_openrouter_gpt_oss_120b,traj_011,housing.address,20,1.0,False,0,,,0.0,,,20,0,0,0,0
fc_openrouter_gpt_oss_120b,traj_011,housing.contract_type,20,1.0,False,0,,,0.0,,,20,0,0,0,0
fc_openrouter_gpt_oss_120b,traj_011,housing.maintenance_fee_payee,20,1.0,False,0,,,0.0,,,20,0,0,0,0
fc_openrouter_gpt_oss_120b,traj_011,housing.mortgage_status,20,1.0,False,0,,,0.0,,,20,0,0,0,0
fc_openrouter_gpt_oss_120b,traj_011,housing.primary_residence_property_id,20,0.15,True,1,0.0,0.0,0.0,0.0,0.0,3,0,17,0,0
fc_openrouter_gpt_oss_120b,traj_011,housing.properties,20,0.15,True,2,0.0,0.0,0.0,0.0,0.0,3,0,17,0,0
fc_openrouter_gpt_oss_120b,traj_011,housing.rent_amount,20,1.0,False,0,,,0.0,,,20,0,0,0,0
fc_openrouter_gpt_oss_120b,traj_011,housing.rent_payee,20,0.95,False,0,,,0.0,,,19,1,0,0,0
fc_openrouter_gpt_oss_120b,traj_011,housing.residence_status,20,1.0,False,0,,,0.0,,,20,0,0,0,0
fc_openrouter_gpt_oss_120b,traj_011,profile.age,20,1.0,False,0,,,0.0,,,20,0,0,0,0
fc_openrouter_gpt_oss_120b,traj_011,profile.locale,20,1.0,False,0,,,0.0,,,20,0,0,0,0
fc_openrouter_gpt_oss_120b,traj_011,profile.region,20,1.0,False,0,,,0.0,,,20,0,0,0,0
fc_openrouter_gpt_oss_120b,traj_012,cashflow.recent_one_off_expense,20,0.2,True,7,0.0,0.0,0.0,0.0,0.0,4,0,16,0,0
fc_openrouter_gpt_oss_120b,traj_012,education.child_education_stage,20,0.45,True,2,0.0,0.0,0.0,0.0,0.0,9,0,11,0,0
fc_openrouter_gpt_oss_120b,traj_012,education.self_education_status,20,1.0,False,0,,,0.0,,,20,0,0,0,0
fc_openrouter_gpt_oss_120b,traj_012,employment.employer,20,0.3,True,3,0.0,0.0,0.0,0.0,0.0,6,0,14,0,0
fc_openrouter_gpt_oss_120b,traj_012,employment.employment_status,20,0.3,True,4,0.0,0.0,0.0,0.0,0.0,6,0,14,0,0
fc_openrouter_gpt_oss_120b,traj_012,employment.income_stability,20,0.3,True,3,0.0,0.0,0.0,0.0,0.0,6,0,14,0,0
fc_openrouter_gpt_oss_120b,traj_012,employment.occupation,20,1.0,False,0,,,0.0,,,20,0,0,0,0
fc_openrouter_gpt_oss_120b,traj_012,employment.salary_account,20,0.3,True,1,0.0,0.0,0.0,0.0,0.0,6,0,14,0,0
fc_openrouter_gpt_oss_120b,traj_012,employment.salary_day,20,0.3,True,1,0.0,0.0,0.0,0.0,0.0,6,0,14,0,0
fc_openrouter_gpt_oss_120b,traj_012,financial_products.checking_accounts,20,1.0,False,0,,,0.0,,,20,0,0,0,0
fc_openrouter_gpt_oss_120b,traj_012,financial_products.loans,20,1.0,False,0,,,0.0,,,20,0,0,0,0
fc_openrouter_gpt_oss_120b,traj_012,financial_products.pension_or_irp,20,0.8,True,1,0.0,0.0,0.0,0.0,0.0,16,0,4,0,0
fc_openrouter_gpt_oss_120b,traj_012,financial_products.savings_accounts,20,1.0,False,0,,,0.0,,,20,0,0,0,0
fc_openrouter_gpt_oss_120b,traj_012,goals.child_education_goal,20,1.0,False,0,,,0.0,,,20,0,0,0,0
fc_openrouter_gpt_oss_120b,traj_012,goals.emergency_fund,20,1.0,False,0,,,0.0,,,20,0,0,0,0
fc_openrouter_gpt_oss_120b,traj_012,goals.housing_deposit_goal,20,1.0,False,0,,,0.0,,,20,0,0,0,0
fc_openrouter_gpt_oss_120b,traj_012,goals.retirement_goal,20,1.0,False,0,,,0.0,,,20,0,0,0,0
fc_openrouter_gpt_oss_120b,traj_012,household.child_support_arrangement,20,1.0,False,0,,,0.0,,,20,0,0,0,0
fc_openrouter_gpt_oss_120b,traj_012,household.children,20,0.1,True,1,0.0,0.0,0.0,0.0,0.0,2,0,18,0,0
fc_openrouter_gpt_oss_120b,traj_012,household.dependents,20,0.1,True,1,0.0,0.0,0.0,0.0,0.0,2,0,18,0,0
fc_openrouter_gpt_oss_120b,traj_012,household.marital_status,20,1.0,False,0,,,0.0,,,20,0,0,0,0
fc_openrouter_gpt_oss_120b,traj_012,household.spouse_or_partner,20,1.0,False,0,,,0.0,,,20,0,0,0,0
fc_openrouter_gpt_oss_120b,traj_012,housing.address,20,0.45,True,4,0.25,0.37777777777777777,0.6666666666666666,0.42105263157894735,0.5161290322580646,1,0,7,8,4
fc_openrouter_gpt_oss_120b,traj_012,housing.contract_type,20,0.05,True,3,0.0,0.0,0.0,0.0,0.0,1,0,19,0,0
fc_openrouter_gpt_oss_120b,traj_012,housing.maintenance_fee_payee,20,0.6,True,1,0.0,0.0,0.0,0.0,0.0,12,0,8,0,0
fc_openrouter_gpt_oss_120b,traj_012,housing.mortgage_status,20,1.0,False,0,,,0.0,,,20,0,0,0,0
fc_openrouter_gpt_oss_120b,traj_012,housing.primary_residence_property_id,20,0.9,False,0,,,0.0,,,18,2,0,0,0
fc_openrouter_gpt_oss_120b,traj_012,housing.properties,20,0.4,True,1,0.0,0.0,0.0,0.0,0.0,8,0,10,0,2
fc_openrouter_gpt_oss_120b,traj_012,housing.rent_amount,20,0.55,True,1,0.0,0.0,0.0,0.0,0.0,11,0,9,0,0
fc_openrouter_gpt_oss_120b,traj_012,housing.rent_payee,20,0.55,True,1,0.0,0.0,0.0,0.0,0.0,11,0,9,0,0
fc_openrouter_gpt_oss_120b,traj_012,housing.residence_status,20,0.05,True,3,0.0,0.0,0.0,0.0,0.0,1,0,19,0,0
fc_openrouter_gpt_oss_120b,traj_012,profile.age,20,1.0,False,0,,,0.0,,,20,0,0,0,0
fc_openrouter_gpt_oss_120b,traj_012,profile.locale,20,1.0,False,0,,,0.0,,,20,0,0,0,0
fc_openrouter_gpt_oss_120b,traj_012,profile.region,20,0.9,False,0,,,0.0,,,18,2,0,0,0
fc_openrouter_gpt_oss_120b,traj_013,cashflow.recent_one_off_expense,20,0.25,True,7,0.0,0.11904761904761904,0.38461538461538464,0.25,0.30303030303030304,0,0,7,5,8
fc_openrouter_gpt_oss_120b,traj_013,education.child_education_stage,20,1.0,False,0,,,0.0,,,20,0,0,0,0
fc_openrouter_gpt_oss_120b,traj_013,education.self_education_status,20,1.0,False,0,,,0.0,,,20,0,0,0,0
fc_openrouter_gpt_oss_120b,traj_013,employment.employer,20,0.25,True,3,0.3333333333333333,0.047619047619047616,1.0,0.0625,0.11764705882352941,4,0,15,1,0
fc_openrouter_gpt_oss_120b,traj_013,employment.employment_status,20,0.45,True,3,0.0,0.0,0.0,0.0,0.0,9,0,11,0,0
fc_openrouter_gpt_oss_120b,traj_013,employment.income_stability,20,0.45,True,2,0.0,0.0,0.0,0.0,0.0,9,0,11,0,0
fc_openrouter_gpt_oss_120b,traj_013,employment.occupation,20,1.0,False,0,,,0.0,,,20,0,0,0,0
fc_openrouter_gpt_oss_120b,traj_013,employment.salary_account,20,0.7,True,1,0.0,0.0,0.0,0.0,0.0,14,0,6,0,0
fc_openrouter_gpt_oss_120b,traj_013,employment.salary_day,20,0.4,True,3,0.3333333333333333,0.16666666666666666,0.5,0.07692307692307693,0.13333333333333336,7,0,11,1,1
fc_openrouter_gpt_oss_120b,traj_013,financial_products.checking_accounts,20,1.0,False,0,,,0.0,,,20,0,0,0,0
fc_openrouter_gpt_oss_120b,traj_013,financial_products.loans,20,1.0,False,0,,,0.0,,,20,0,0,0,0
fc_openrouter_gpt_oss_120b,traj_013,financial_products.pension_or_irp,20,0.6,True,1,0.0,0.0,0.0,0.0,0.0,12,0,8,0,0
fc_openrouter_gpt_oss_120b,traj_013,financial_products.savings_accounts,20,1.0,False,0,,,0.0,,,20,0,0,0,0
fc_openrouter_gpt_oss_120b,traj_013,goals.child_education_goal,20,1.0,False,0,,,0.0,,,20,0,0,0,0
fc_openrouter_gpt_oss_120b,traj_013,goals.emergency_fund,20,1.0,False,0,,,0.0,,,20,0,0,0,0
fc_openrouter_gpt_oss_120b,traj_013,goals.housing_deposit_goal,20,1.0,False,0,,,0.0,,,20,0,0,0,0
fc_openrouter_gpt_oss_120b,traj_013,goals.retirement_goal,20,0.95,False,0,,,0.0,,,19,1,0,0,0
fc_openrouter_gpt_oss_120b,traj_013,household.child_support_arrangement,20,1.0,False,0,,,0.0,,,20,0,0,0,0
fc_openrouter_gpt_oss_120b,traj_013,household.children,20,1.0,False,0,,,0.0,,,20,0,0,0,0
fc_openrouter_gpt_oss_120b,traj_013,household.dependents,20,0.75,True,2,0.0,0.0,0.0,0.0,0.0,15,0,5,0,0
fc_openrouter_gpt_oss_120b,traj_013,household.marital_status,20,0.25,True,1,0.0,0.0,0.0,0.0,0.0,5,0,15,0,0
fc_openrouter_gpt_oss_120b,traj_013,household.spouse_or_partner,20,0.25,True,1,0.0,0.0,0.0,0.0,0.0,5,0,15,0,0
fc_openrouter_gpt_oss_120b,traj_013,housing.address,20,0.9,True,4,0.5,0.84375,0.9411764705882353,0.8888888888888888,0.9142857142857143,2,0,1,16,1
fc_openrouter_gpt_oss_120b,traj_013,housing.contract_type,20,0.65,True,2,0.0,0.4375,0.8,0.4,0.5333333333333333,9,1,6,4,0
fc_openrouter_gpt_oss_120b,traj_013,housing.maintenance_fee_payee,20,1.0,False,0,,,0.0,,,20,0,0,0,0
fc_openrouter_gpt_oss_120b,traj_013,housing.mortgage_status,20,1.0,False,0,,,0.0,,,20,0,0,0,0
fc_openrouter_gpt_oss_120b,traj_013,housing.primary_residence_property_id,20,1.0,False,0,,,0.0,,,20,0,0,0,0
fc_openrouter_gpt_oss_120b,traj_013,housing.properties,20,1.0,False,0,,,0.0,,,20,0,0,0,0
fc_openrouter_gpt_oss_120b,traj_013,housing.rent_amount,20,0.5,True,2,0.0,0.0,0.0,0.0,0.0,10,0,9,0,1
fc_openrouter_gpt_oss_120b,traj_013,housing.rent_payee,20,0.1,True,1,0.0,0.0,0.0,0.0,0.0,2,0,17,0,1
fc_openrouter_gpt_oss_120b,traj_013,housing.residence_status,20,0.6,True,2,0.0,0.4375,0.6666666666666666,0.4,0.5,8,2,6,4,0
fc_openrouter_gpt_oss_120b,traj_013,profile.age,20,1.0,False,0,,,0.0,,,20,0,0,0,0
fc_openrouter_gpt_oss_120b,traj_013,profile.locale,20,1.0,False,0,,,0.0,,,20,0,0,0,0
fc_openrouter_gpt_oss_120b,traj_013,profile.region,20,0.6,False,0,,,0.0,,,12,8,0,0,0
fc_openrouter_gpt_oss_120b,traj_014,cashflow.recent_one_off_expense,20,0.75,True,2,0.0,0.0,0.0,0.0,0.0,15,0,5,0,0
fc_openrouter_gpt_oss_120b,traj_014,education.child_education_stage,20,0.1,True,3,0.0,0.0,0.0,0.0,0.0,2,0,18,0,0
fc_openrouter_gpt_oss_120b,traj_014,education.self_education_status,20,0.05,True,1,0.0,0.0,0.0,0.0,0.0,1,0,19,0,0
fc_openrouter_gpt_oss_120b,traj_014,employment.employer,20,0.45,True,5,0.0,0.0,0.0,0.0,0.0,9,0,11,0,0
fc_openrouter_gpt_oss_120b,traj_014,employment.employment_status,20,0.5,True,4,0.0,0.0,0.0,0.0,0.0,10,0,10,0,0
fc_openrouter_gpt_oss_120b,traj_014,employment.income_stability,20,0.5,True,4,0.0,0.0,0.0,0.0,0.0,10,0,10,0,0
fc_openrouter_gpt_oss_120b,traj_014,employment.occupation,20,1.0,False,0,,,0.0,,,20,0,0,0,0
fc_openrouter_gpt_oss_120b,traj_014,employment.salary_account,20,0.7,True,3,0.0,0.0,0.0,0.0,0.0,14,0,6,0,0
fc_openrouter_gpt_oss_120b,traj_014,employment.salary_day,20,0.15,True,7,0.0,0.0,0.0,0.0,0.0,3,0,17,0,0
fc_openrouter_gpt_oss_120b,traj_014,financial_products.checking_accounts,20,1.0,False,0,,,0.0,,,20,0,0,0,0
fc_openrouter_gpt_oss_120b,traj_014,financial_products.loans,20,1.0,False,0,,,0.0,,,20,0,0,0,0
fc_openrouter_gpt_oss_120b,traj_014,financial_products.pension_or_irp,20,1.0,False,0,,,0.0,,,20,0,0,0,0
fc_openrouter_gpt_oss_120b,traj_014,financial_products.savings_accounts,20,1.0,False,0,,,0.0,,,20,0,0,0,0
fc_openrouter_gpt_oss_120b,traj_014,goals.child_education_goal,20,1.0,False,0,,,0.0,,,20,0,0,0,0
fc_openrouter_gpt_oss_120b,traj_014,goals.emergency_fund,20,1.0,False,0,,,0.0,,,20,0,0,0,0
fc_openrouter_gpt_oss_120b,traj_014,goals.housing_deposit_goal,20,1.0,False,0,,,0.0,,,20,0,0,0,0
fc_openrouter_gpt_oss_120b,traj_014,goals.retirement_goal,20,1.0,False,0,,,0.0,,,20,0,0,0,0
fc_openrouter_gpt_oss_120b,traj_014,household.child_support_arrangement,20,0.65,True,1,0.0,0.0,0.0,0.0,0.0,13,0,7,0,0
fc_openrouter_gpt_oss_120b,traj_014,household.children,20,0.25,True,1,0.0,0.0,0.0,0.0,0.0,5,0,15,0,0
fc_openrouter_gpt_oss_120b,traj_014,household.dependents,20,0.2,True,2,0.0,0.0,0.0,0.0,0.0,4,0,16,0,0
fc_openrouter_gpt_oss_120b,traj_014,household.marital_status,20,0.65,True,1,0.0,0.0,0.0,0.0,0.0,13,0,7,0,0
fc_openrouter_gpt_oss_120b,traj_014,household.spouse_or_partner,20,0.65,True,1,0.0,0.0,0.0,0.0,0.0,13,0,7,0,0
fc_openrouter_gpt_oss_120b,traj_014,housing.address,20,0.5,True,4,0.25,0.40625,0.5882352941176471,0.5,0.5405405405405405,0,0,3,10,7
fc_openrouter_gpt_oss_120b,traj_014,housing.contract_type,20,0.4,True,3,0.0,0.0,0.0,0.0,0.0,8,0,12,0,0
fc_openrouter_gpt_oss_120b,traj_014,housing.maintenance_fee_payee,20,0.8,True,1,0.0,0.0,0.0,0.0,0.0,16,0,4,0,0
fc_openrouter_gpt_oss_120b,traj_014,housing.mortgage_status,20,1.0,False,0,,,0.0,,,20,0,0,0,0
fc_openrouter_gpt_oss_120b,traj_014,housing.primary_residence_property_id,20,1.0,False,0,,,0.0,,,20,0,0,0,0
fc_openrouter_gpt_oss_120b,traj_014,housing.properties,20,1.0,False,0,,,0.0,,,20,0,0,0,0
fc_openrouter_gpt_oss_120b,traj_014,housing.rent_amount,20,0.6,True,2,0.0,0.0,0.0,0.0,0.0,12,0,8,0,0
fc_openrouter_gpt_oss_120b,traj_014,housing.rent_payee,20,0.4,True,1,0.0,0.0,0.0,0.0,0.0,8,0,12,0,0
fc_openrouter_gpt_oss_120b,traj_014,housing.residence_status,20,0.4,True,3,0.0,0.0,0.0,0.0,0.0,8,0,12,0,0
fc_openrouter_gpt_oss_120b,traj_014,profile.age,20,1.0,False,0,,,0.0,,,20,0,0,0,0
fc_openrouter_gpt_oss_120b,traj_014,profile.locale,20,1.0,False,0,,,0.0,,,20,0,0,0,0
fc_openrouter_gpt_oss_120b,traj_014,profile.region,20,1.0,False,0,,,0.0,,,20,0,0,0,0
fc_openrouter_gpt_oss_120b,traj_015,cashflow.recent_one_off_expense,20,0.1,True,2,0.0,0.0,0.0,0.0,0.0,2,0,17,0,1
fc_openrouter_gpt_oss_120b,traj_015,education.child_education_stage,20,0.5,True,3,0.0,0.1388888888888889,0.6666666666666666,0.16666666666666666,0.26666666666666666,8,0,9,2,1
fc_openrouter_gpt_oss_120b,traj_015,education.self_education_status,20,1.0,False,0,,,0.0,,,20,0,0,0,0
fc_openrouter_gpt_oss_120b,traj_015,employment.employer,20,0.95,True,1,0.0,0.0,0.0,0.0,0.0,19,0,1,0,0
fc_openrouter_gpt_oss_120b,traj_015,employment.employment_status,20,0.6,True,2,0.0,0.0,0.0,0.0,0.0,12,0,8,0,0
fc_openrouter_gpt_oss_120b,traj_015,employment.income_stability,20,0.4,True,2,0.0,0.21428571428571427,0.25,0.375,0.3,5,7,3,3,2
fc_openrouter_gpt_oss_120b,traj_015,employment.occupation,20,1.0,False,0,,,0.0,,,20,0,0,0,0
fc_openrouter_gpt_oss_120b,traj_015,employment.salary_account,20,0.6,True,2,0.0,0.0,0.0,0.0,0.0,12,0,8,0,0
fc_openrouter_gpt_oss_120b,traj_015,employment.salary_day,20,0.2,True,4,0.25,0.125,0.07142857142857142,0.09090909090909091,0.08,3,6,3,1,7
fc_openrouter_gpt_oss_120b,traj_015,financial_products.checking_accounts,20,1.0,False,0,,,0.0,,,20,0,0,0,0
fc_openrouter_gpt_oss_120b,traj_015,financial_products.loans,20,0.5,True,1,0.0,0.0,0.0,0.0,0.0,10,0,10,0,0
fc_openrouter_gpt_oss_120b,traj_015,financial_products.pension_or_irp,20,1.0,False,0,,,0.0,,,20,0,0,0,0
fc_openrouter_gpt_oss_120b,traj_015,financial_products.savings_accounts,20,1.0,False,0,,,0.0,,,20,0,0,0,0
fc_openrouter_gpt_oss_120b,traj_015,goals.child_education_goal,20,1.0,False,0,,,0.0,,,20,0,0,0,0
fc_openrouter_gpt_oss_120b,traj_015,goals.emergency_fund,20,0.95,False,0,,,0.0,,,19,1,0,0,0
fc_openrouter_gpt_oss_120b,traj_015,goals.housing_deposit_goal,20,1.0,False,0,,,0.0,,,20,0,0,0,0
fc_openrouter_gpt_oss_120b,traj_015,goals.retirement_goal,20,1.0,False,0,,,0.0,,,20,0,0,0,0
fc_openrouter_gpt_oss_120b,traj_015,household.child_support_arrangement,20,0.7,True,1,0.0,0.0,0.0,0.0,0.0,14,0,6,0,0
fc_openrouter_gpt_oss_120b,traj_015,household.children,20,0.45,True,1,0.0,0.0,0.0,0.0,0.0,9,0,11,0,0
fc_openrouter_gpt_oss_120b,traj_015,household.dependents,20,0.75,True,2,0.0,0.0,0.0,0.0,0.0,15,2,3,0,0
fc_openrouter_gpt_oss_120b,traj_015,household.marital_status,20,0.7,True,1,0.0,0.0,0.0,0.0,0.0,14,0,6,0,0
fc_openrouter_gpt_oss_120b,traj_015,household.spouse_or_partner,20,0.7,True,1,0.0,0.0,0.0,0.0,0.0,14,0,6,0,0
fc_openrouter_gpt_oss_120b,traj_015,housing.address,20,0.8,True,4,0.5,0.6444444444444445,0.7894736842105263,0.7894736842105263,0.7894736842105263,1,0,0,15,4
fc_openrouter_gpt_oss_120b,traj_015,housing.contract_type,20,0.2,True,3,0.3333333333333333,0.25,0.2,0.16666666666666666,0.1818181818181818,1,1,4,3,11
fc_openrouter_gpt_oss_120b,traj_015,housing.maintenance_fee_payee,20,0.25,True,1,0.0,0.0,0.0,0.0,0.0,5,0,15,0,0
fc_openrouter_gpt_oss_120b,traj_015,housing.mortgage_status,20,0.5,True,1,0.0,0.0,0.0,0.0,0.0,10,0,10,0,0
fc_openrouter_gpt_oss_120b,traj_015,housing.primary_residence_property_id,20,0.1,True,1,0.0,0.0,0.0,0.0,0.0,2,8,2,0,8
fc_openrouter_gpt_oss_120b,traj_015,housing.properties,20,0.1,True,1,0.0,0.0,0.0,0.0,0.0,2,8,3,0,7
fc_openrouter_gpt_oss_120b,traj_015,housing.rent_amount,20,1.0,False,0,,,0.0,,,20,0,0,0,0
fc_openrouter_gpt_oss_120b,traj_015,housing.rent_payee,20,1.0,False,0,,,0.0,,,20,0,0,0,0
fc_openrouter_gpt_oss_120b,traj_015,housing.residence_status,20,0.2,True,3,0.3333333333333333,0.25,0.1875,0.16666666666666666,0.17647058823529413,1,1,3,3,12
fc_openrouter_gpt_oss_120b,traj_015,profile.age,20,1.0,False,0,,,0.0,,,20,0,0,0,0
fc_openrouter_gpt_oss_120b,traj_015,profile.locale,20,1.0,False,0,,,0.0,,,20,0,0,0,0
fc_openrouter_gpt_oss_120b,traj_015,profile.region,20,0.45,False,0,,,0.0,,,9,11,0,0,0
fc_openrouter_gpt_oss_120b,traj_016,cashflow.recent_one_off_expense,20,0.15,True,4,0.0,0.0,0.0,0.0,0.0,3,0,12,0,5
fc_openrouter_gpt_oss_120b,traj_016,education.child_education_stage,20,0.25,True,2,0.0,0.0,0.0,0.0,0.0,5,0,15,0,0
fc_openrouter_gpt_oss_120b,traj_016,education.self_education_status,20,1.0,False,0,,,0.0,,,20,0,0,0,0
fc_openrouter_gpt_oss_120b,traj_016,employment.employer,20,0.1,True,4,0.0,0.0,0.0,0.0,0.0,2,0,8,0,10
fc_openrouter_gpt_oss_120b,traj_016,employment.employment_status,20,0.5,True,6,0.3333333333333333,0.3888888888888889,0.5555555555555556,0.625,0.5882352941176471,0,4,2,10,4
fc_openrouter_gpt_oss_120b,traj_016,employment.income_stability,20,0.15,True,5,0.0,0.18333333333333332,0.17647058823529413,0.1875,0.1818181818181818,0,4,3,3,10
fc_openrouter_gpt_oss_120b,traj_016,employment.occupation,20,0.7,False,0,,,0.0,,,14,6,0,0,0
fc_openrouter_gpt_oss_120b,traj_016,employment.salary_account,20,0.15,True,3,0.0,0.0,0.0,0.0,0.0,3,1,12,0,4
fc_openrouter_gpt_oss_120b,traj_016,employment.salary_day,20,0.1,True,4,0.0,0.0,0.0,0.0,0.0,2,0,11,0,7
fc_openrouter_gpt_oss_120b,traj_016,financial_products.checking_accounts,20,1.0,False,0,,,0.0,,,20,0,0,0,0
fc_openrouter_gpt_oss_120b,traj_016,financial_products.loans,20,0.95,False,0,,,0.0,,,19,1,0,0,0
fc_openrouter_gpt_oss_120b,traj_016,financial_products.pension_or_irp,20,0.8,True,1,0.0,0.0,0.0,0.0,0.0,16,0,4,0,0
fc_openrouter_gpt_oss_120b,traj_016,financial_products.savings_accounts,20,1.0,False,0,,,0.0,,,20,0,0,0,0
fc_openrouter_gpt_oss_120b,traj_016,goals.child_education_goal,20,1.0,False,0,,,0.0,,,20,0,0,0,0
fc_openrouter_gpt_oss_120b,traj_016,goals.emergency_fund,20,1.0,False,0,,,0.0,,,20,0,0,0,0
fc_openrouter_gpt_oss_120b,traj_016,goals.housing_deposit_goal,20,1.0,False,0,,,0.0,,,20,0,0,0,0
fc_openrouter_gpt_oss_120b,traj_016,goals.retirement_goal,20,1.0,False,0,,,0.0,,,20,0,0,0,0
fc_openrouter_gpt_oss_120b,traj_016,household.child_support_arrangement,20,1.0,False,0,,,0.0,,,20,0,0,0,0
fc_openrouter_gpt_oss_120b,traj_016,household.children,20,1.0,False,0,,,0.0,,,20,0,0,0,0
fc_openrouter_gpt_oss_120b,traj_016,household.dependents,20,0.4,True,1,0.0,0.0,0.0,0.0,0.0,8,0,12,0,0
fc_openrouter_gpt_oss_120b,traj_016,household.marital_status,20,1.0,False,0,,,0.0,,,20,0,0,0,0
fc_openrouter_gpt_oss_120b,traj_016,household.spouse_or_partner,20,1.0,False,0,,,0.0,,,20,0,0,0,0
fc_openrouter_gpt_oss_120b,traj_016,housing.address,20,0.6,True,3,0.3333333333333333,0.6190476190476191,0.5882352941176471,0.5555555555555556,0.5714285714285715,2,0,1,10,7
fc_openrouter_gpt_oss_120b,traj_016,housing.contract_type,20,0.25,True,3,0.0,0.17857142857142858,0.75,0.16666666666666666,0.27272727272727276,2,0,14,3,1
fc_openrouter_gpt_oss_120b,traj_016,housing.maintenance_fee_payee,20,0.9,False,0,,,0.0,,,18,2,0,0,0
fc_openrouter_gpt_oss_120b,traj_016,housing.mortgage_status,20,0.3,True,1,0.0,0.0,0.0,0.0,0.0,6,0,11,0,3
fc_openrouter_gpt_oss_120b,traj_016,housing.primary_residence_property_id,20,0.25,True,1,0.0,0.14285714285714285,0.18181818181818182,0.14285714285714285,0.16,3,3,6,2,6
fc_openrouter_gpt_oss_120b,traj_016,housing.properties,20,0.2,True,2,0.0,0.0,0.0,0.0,0.0,4,2,6,0,8
fc_openrouter_gpt_oss_120b,traj_016,housing.rent_amount,20,0.45,True,2,0.0,0.0,0.0,0.0,0.0,9,0,9,0,2
fc_openrouter_gpt_oss_120b,traj_016,housing.rent_payee,20,0.5,True,2,0.0,0.07142857142857142,1.0,0.09090909090909091,0.16666666666666669,9,0,10,1,0
fc_openrouter_gpt_oss_120b,traj_016,housing.residence_status,20,0.25,True,3,0.0,0.17857142857142858,0.6,0.16666666666666666,0.2608695652173913,2,0,13,3,2
fc_openrouter_gpt_oss_120b,traj_016,profile.age,20,1.0,False,0,,,0.0,,,20,0,0,0,0
fc_openrouter_gpt_oss_120b,traj_016,profile.locale,20,1.0,False,0,,,0.0,,,20,0,0,0,0
fc_openrouter_gpt_oss_120b,traj_016,profile.region,20,0.8,False,0,,,0.0,,,16,4,0,0,0
fc_openrouter_gpt_oss_120b,traj_017,cashflow.recent_one_off_expense,20,0.15,True,5,0.0,0.0,0.0,0.0,0.0,3,0,16,0,1
fc_openrouter_gpt_oss_120b,traj_017,education.child_education_stage,20,0.55,True,2,0.0,0.0,0.0,0.0,0.0,11,0,9,0,0
fc_openrouter_gpt_oss_120b,traj_017,education.self_education_status,20,1.0,False,0,,,0.0,,,20,0,0,0,0
fc_openrouter_gpt_oss_120b,traj_017,employment.employer,20,0.0,True,2,0.0,0.0,0.0,0.0,0.0,0,0,11,0,9
fc_openrouter_gpt_oss_120b,traj_017,employment.employment_status,20,0.0,True,5,0.0,0.0,0.0,0.0,0.0,0,3,7,0,10
fc_openrouter_gpt_oss_120b,traj_017,employment.income_stability,20,0.0,True,4,0.0,0.0,0.0,0.0,0.0,0,3,6,0,11
fc_openrouter_gpt_oss_120b,traj_017,employment.occupation,20,0.7,False,0,,,0.0,,,14,6,0,0,0
fc_openrouter_gpt_oss_120b,traj_017,employment.salary_account,20,0.4,True,1,0.0,0.0,0.0,0.0,0.0,8,3,9,0,0
fc_openrouter_gpt_oss_120b,traj_017,employment.salary_day,20,0.0,True,3,0.0,0.0,0.0,0.0,0.0,0,0,15,0,5
fc_openrouter_gpt_oss_120b,traj_017,financial_products.checking_accounts,20,1.0,False,0,,,0.0,,,20,0,0,0,0
fc_openrouter_gpt_oss_120b,traj_017,financial_products.loans,20,1.0,False,0,,,0.0,,,20,0,0,0,0
fc_openrouter_gpt_oss_120b,traj_017,financial_products.pension_or_irp,20,0.35,True,2,0.0,0.0,0.0,0.0,0.0,7,0,12,0,1
fc_openrouter_gpt_oss_120b,traj_017,financial_products.savings_accounts,20,1.0,False,0,,,0.0,,,20,0,0,0,0
fc_openrouter_gpt_oss_120b,traj_017,goals.child_education_goal,20,1.0,False,0,,,0.0,,,20,0,0,0,0
fc_openrouter_gpt_oss_120b,traj_017,goals.emergency_fund,20,0.95,False,0,,,0.0,,,19,1,0,0,0
fc_openrouter_gpt_oss_120b,traj_017,goals.housing_deposit_goal,20,0.95,False,0,,,0.0,,,19,1,0,0,0
fc_openrouter_gpt_oss_120b,traj_017,goals.retirement_goal,20,0.95,False,0,,,0.0,,,19,1,0,0,0
fc_openrouter_gpt_oss_120b,traj_017,household.child_support_arrangement,20,0.95,False,0,,,0.0,,,19,1,0,0,0
fc_openrouter_gpt_oss_120b,traj_017,household.children,20,1.0,False,0,,,0.0,,,20,0,0,0,0
fc_openrouter_gpt_oss_120b,traj_017,household.dependents,20,0.85,True,2,0.0,0.0,0.0,0.0,0.0,17,0,3,0,0
fc_openrouter_gpt_oss_120b,traj_017,household.marital_status,20,0.65,True,1,0.0,0.0,0.0,0.0,0.0,13,0,7,0,0
fc_openrouter_gpt_oss_120b,traj_017,household.spouse_or_partner,20,0.65,True,1,0.0,0.0,0.0,0.0,0.0,13,0,6,0,1
fc_openrouter_gpt_oss_120b,traj_017,housing.address,20,0.55,True,3,0.0,0.05555555555555555,0.5,0.1,0.16666666666666669,10,0,8,1,1
fc_openrouter_gpt_oss_120b,traj_017,housing.contract_type,20,0.5,True,2,0.0,0.0,0.0,0.0,0.0,10,0,10,0,0
fc_openrouter_gpt_oss_120b,traj_017,housing.maintenance_fee_payee,20,0.5,True,1,0.0,0.0,0.0,0.0,0.0,10,0,9,0,1
fc_openrouter_gpt_oss_120b,traj_017,housing.mortgage_status,20,1.0,False,0,,,0.0,,,20,0,0,0,0
fc_openrouter_gpt_oss_120b,traj_017,housing.primary_residence_property_id,20,0.95,False,0,,,0.0,,,19,1,0,0,0
fc_openrouter_gpt_oss_120b,traj_017,housing.properties,20,1.0,False,0,,,0.0,,,20,0,0,0,0
fc_openrouter_gpt_oss_120b,traj_017,housing.rent_amount,20,0.95,False,0,,,0.0,,,19,1,0,0,0
fc_openrouter_gpt_oss_120b,traj_017,housing.rent_payee,20,0.95,False,0,,,0.0,,,19,1,0,0,0
fc_openrouter_gpt_oss_120b,traj_017,housing.residence_status,20,0.5,True,2,0.0,0.0,0.0,0.0,0.0,10,0,10,0,0
fc_openrouter_gpt_oss_120b,traj_017,profile.age,20,1.0,False,0,,,0.0,,,20,0,0,0,0
fc_openrouter_gpt_oss_120b,traj_017,profile.locale,20,1.0,False,0,,,0.0,,,20,0,0,0,0
fc_openrouter_gpt_oss_120b,traj_017,profile.region,20,1.0,False,0,,,0.0,,,20,0,0,0,0
fc_openrouter_gpt_oss_120b,traj_018,cashflow.recent_one_off_expense,20,0.0,True,8,0.0,0.0,0.0,0.0,0.0,0,0,19,0,1
fc_openrouter_gpt_oss_120b,traj_018,education.child_education_stage,20,1.0,False,0,,,0.0,,,20,0,0,0,0
fc_openrouter_gpt_oss_120b,traj_018,education.self_education_status,20,1.0,False,0,,,0.0,,,20,0,0,0,0
fc_openrouter_gpt_oss_120b,traj_018,employment.employer,20,0.1,True,2,0.0,0.0,0.0,0.0,0.0,2,0,18,0,0
fc_openrouter_gpt_oss_120b,traj_018,employment.employment_status,20,0.15,True,2,0.0,0.0,0.0,0.0,0.0,3,0,17,0,0
fc_openrouter_gpt_oss_120b,traj_018,employment.income_stability,20,0.15,True,2,0.0,0.0,0.0,0.0,0.0,3,0,14,0,3
fc_openrouter_gpt_oss_120b,traj_018,employment.occupation,20,1.0,False,0,,,0.0,,,20,0,0,0,0
fc_openrouter_gpt_oss_120b,traj_018,employment.salary_account,20,0.8,True,1,0.0,0.0,0.0,0.0,0.0,16,0,4,0,0
fc_openrouter_gpt_oss_120b,traj_018,employment.salary_day,20,0.1,True,3,0.0,0.0,0.0,0.0,0.0,2,0,18,0,0
fc_openrouter_gpt_oss_120b,traj_018,financial_products.checking_accounts,20,1.0,False,0,,,0.0,,,20,0,0,0,0
fc_openrouter_gpt_oss_120b,traj_018,financial_products.loans,20,1.0,False,0,,,0.0,,,20,0,0,0,0
fc_openrouter_gpt_oss_120b,traj_018,financial_products.pension_or_irp,20,0.4,True,1,0.0,0.0,0.0,0.0,0.0,8,0,12,0,0
fc_openrouter_gpt_oss_120b,traj_018,financial_products.savings_accounts,20,1.0,False,0,,,0.0,,,20,0,0,0,0
fc_openrouter_gpt_oss_120b,traj_018,goals.child_education_goal,20,1.0,False,0,,,0.0,,,20,0,0,0,0
fc_openrouter_gpt_oss_120b,traj_018,goals.emergency_fund,20,1.0,False,0,,,0.0,,,20,0,0,0,0
fc_openrouter_gpt_oss_120b,traj_018,goals.housing_deposit_goal,20,1.0,False,0,,,0.0,,,20,0,0,0,0
fc_openrouter_gpt_oss_120b,traj_018,goals.retirement_goal,20,1.0,False,0,,,0.0,,,20,0,0,0,0
fc_openrouter_gpt_oss_120b,traj_018,household.child_support_arrangement,20,1.0,False,0,,,0.0,,,20,0,0,0,0
fc_openrouter_gpt_oss_120b,traj_018,household.children,20,1.0,False,0,,,0.0,,,20,0,0,0,0
fc_openrouter_gpt_oss_120b,traj_018,household.dependents,20,0.4,True,5,0.0,0.0,0.0,0.0,0.0,8,0,11,0,1
fc_openrouter_gpt_oss_120b,traj_018,household.marital_status,20,1.0,False,0,,,0.0,,,20,0,0,0,0
fc_openrouter_gpt_oss_120b,traj_018,household.spouse_or_partner,20,1.0,False,0,,,0.0,,,20,0,0,0,0
fc_openrouter_gpt_oss_120b,traj_018,housing.address,20,0.45,True,3,0.0,0.0,0.0,0.0,0.0,9,0,7,0,4
fc_openrouter_gpt_oss_120b,traj_018,housing.contract_type,20,0.7,True,1,0.0,0.0,0.0,0.0,0.0,14,0,6,0,0
fc_openrouter_gpt_oss_120b,traj_018,housing.maintenance_fee_payee,20,1.0,False,0,,,0.0,,,20,0,0,0,0
fc_openrouter_gpt_oss_120b,traj_018,housing.mortgage_status,20,1.0,False,0,,,0.0,,,20,0,0,0,0
fc_openrouter_gpt_oss_120b,traj_018,housing.primary_residence_property_id,20,1.0,False,0,,,0.0,,,20,0,0,0,0
fc_openrouter_gpt_oss_120b,traj_018,housing.properties,20,1.0,False,0,,,0.0,,,20,0,0,0,0
fc_openrouter_gpt_oss_120b,traj_018,housing.rent_amount,20,0.45,True,3,0.0,0.0,0.0,0.0,0.0,9,0,11,0,0
fc_openrouter_gpt_oss_120b,traj_018,housing.rent_payee,20,1.0,False,0,,,0.0,,,20,0,0,0,0
fc_openrouter_gpt_oss_120b,traj_018,housing.residence_status,20,0.7,True,1,0.0,0.0,0.0,0.0,0.0,14,0,6,0,0
fc_openrouter_gpt_oss_120b,traj_018,profile.age,20,0.95,False,0,,,0.0,,,19,1,0,0,0
fc_openrouter_gpt_oss_120b,traj_018,profile.locale,20,1.0,False,0,,,0.0,,,20,0,0,0,0
fc_openrouter_gpt_oss_120b,traj_018,profile.region,20,1.0,False,0,,,0.0,,,20,0,0,0,0
fc_openrouter_gpt_oss_120b,traj_019,cashflow.recent_one_off_expense,20,0.25,True,9,0.0,0.0,0.0,0.0,0.0,5,0,15,0,0
fc_openrouter_gpt_oss_120b,traj_019,education.child_education_stage,20,1.0,False,0,,,0.0,,,20,0,0,0,0
fc_openrouter_gpt_oss_120b,traj_019,education.self_education_status,20,1.0,False,0,,,0.0,,,20,0,0,0,0
fc_openrouter_gpt_oss_120b,traj_019,employment.employer,20,1.0,False,0,,,0.0,,,20,0,0,0,0
fc_openrouter_gpt_oss_120b,traj_019,employment.employment_status,20,0.05,True,3,0.0,0.0,0.0,0.0,0.0,1,0,2,0,17
fc_openrouter_gpt_oss_120b,traj_019,employment.income_stability,20,0.15,True,2,0.0,0.3333333333333333,0.11764705882352941,0.10526315789473684,0.1111111111111111,1,0,2,2,15
fc_openrouter_gpt_oss_120b,traj_019,employment.occupation,20,1.0,False,0,,,0.0,,,20,0,0,0,0
fc_openrouter_gpt_oss_120b,traj_019,employment.salary_account,20,0.85,True,1,0.0,0.0,0.0,0.0,0.0,17,0,3,0,0
fc_openrouter_gpt_oss_120b,traj_019,employment.salary_day,20,0.0,True,3,0.0,0.0,0.0,0.0,0.0,0,0,20,0,0
fc_openrouter_gpt_oss_120b,traj_019,financial_products.checking_accounts,20,1.0,False,0,,,0.0,,,20,0,0,0,0
fc_openrouter_gpt_oss_120b,traj_019,financial_products.loans,20,1.0,False,0,,,0.0,,,20,0,0,0,0
fc_openrouter_gpt_oss_120b,traj_019,financial_products.pension_or_irp,20,0.05,True,1,0.0,0.0,0.0,0.0,0.0,1,0,19,0,0
fc_openrouter_gpt_oss_120b,traj_019,financial_products.savings_accounts,20,1.0,False,0,,,0.0,,,20,0,0,0,0
fc_openrouter_gpt_oss_120b,traj_019,goals.child_education_goal,20,1.0,False,0,,,0.0,,,20,0,0,0,0
fc_openrouter_gpt_oss_120b,traj_019,goals.emergency_fund,20,1.0,False,0,,,0.0,,,20,0,0,0,0
fc_openrouter_gpt_oss_120b,traj_019,goals.housing_deposit_goal,20,1.0,False,0,,,0.0,,,20,0,0,0,0
fc_openrouter_gpt_oss_120b,traj_019,goals.retirement_goal,20,0.95,False,0,,,0.0,,,19,1,0,0,0
fc_openrouter_gpt_oss_120b,traj_019,household.child_support_arrangement,20,1.0,False,0,,,0.0,,,20,0,0,0,0
fc_openrouter_gpt_oss_120b,traj_019,household.children,20,1.0,False,0,,,0.0,,,20,0,0,0,0
fc_openrouter_gpt_oss_120b,traj_019,household.dependents,20,0.55,True,1,0.0,0.0,0.0,0.0,0.0,11,0,9,0,0
fc_openrouter_gpt_oss_120b,traj_019,household.marital_status,20,0.3,True,1,0.0,0.0,0.0,0.0,0.0,6,0,14,0,0
fc_openrouter_gpt_oss_120b,traj_019,household.spouse_or_partner,20,0.3,True,1,0.0,0.0,0.0,0.0,0.0,6,0,14,0,0
fc_openrouter_gpt_oss_120b,traj_019,housing.address,20,0.5,True,6,0.5,0.3055555555555556,0.42857142857142855,0.23076923076923078,0.3,7,0,6,3,4
fc_openrouter_gpt_oss_120b,traj_019,housing.contract_type,20,0.5,True,4,0.0,0.0,0.0,0.0,0.0,10,0,10,0,0
fc_openrouter_gpt_oss_120b,traj_019,housing.maintenance_fee_payee,20,0.65,True,2,0.0,0.0,0.0,0.0,0.0,13,0,7,0,0
fc_openrouter_gpt_oss_120b,traj_019,housing.mortgage_status,20,1.0,False,0,,,0.0,,,20,0,0,0,0
fc_openrouter_gpt_oss_120b,traj_019,housing.primary_residence_property_id,20,1.0,False,0,,,0.0,,,20,0,0,0,0
fc_openrouter_gpt_oss_120b,traj_019,housing.properties,20,1.0,False,0,,,0.0,,,20,0,0,0,0
fc_openrouter_gpt_oss_120b,traj_019,housing.rent_amount,20,0.45,True,3,0.0,0.0,0.0,0.0,0.0,9,0,11,0,0
fc_openrouter_gpt_oss_120b,traj_019,housing.rent_payee,20,1.0,False,0,,,0.0,,,20,0,0,0,0
fc_openrouter_gpt_oss_120b,traj_019,housing.residence_status,20,0.5,True,4,0.0,0.0,0.0,0.0,0.0,10,0,10,0,0
fc_openrouter_gpt_oss_120b,traj_019,profile.age,20,1.0,False,0,,,0.0,,,20,0,0,0,0
fc_openrouter_gpt_oss_120b,traj_019,profile.locale,20,1.0,False,0,,,0.0,,,20,0,0,0,0
fc_openrouter_gpt_oss_120b,traj_019,profile.region,20,0.9,False,0,,,0.0,,,18,2,0,0,0
fc_openrouter_gpt_oss_120b,traj_020,cashflow.recent_one_off_expense,20,0.15,True,8,0.0,0.0,0.0,0.0,0.0,3,0,16,0,1
fc_openrouter_gpt_oss_120b,traj_020,education.child_education_stage,20,0.95,False,0,,,0.0,,,19,1,0,0,0
fc_openrouter_gpt_oss_120b,traj_020,education.self_education_status,20,1.0,False,0,,,0.0,,,20,0,0,0,0
fc_openrouter_gpt_oss_120b,traj_020,employment.employer,20,0.0,True,1,0.0,0.0,0.0,0.0,0.0,0,0,18,0,2
fc_openrouter_gpt_oss_120b,traj_020,employment.employment_status,20,0.2,True,4,0.0,0.06666666666666667,0.8,0.2,0.32000000000000006,0,0,15,4,1
fc_openrouter_gpt_oss_120b,traj_020,employment.income_stability,20,0.1,True,3,0.0,0.044444444444444446,0.3333333333333333,0.1,0.15384615384615383,0,0,14,2,4
fc_openrouter_gpt_oss_120b,traj_020,employment.occupation,20,0.95,False,0,,,0.0,,,19,1,0,0,0
fc_openrouter_gpt_oss_120b,traj_020,employment.salary_account,20,0.0,True,1,0.0,0.0,0.0,0.0,0.0,0,0,19,0,1
fc_openrouter_gpt_oss_120b,traj_020,employment.salary_day,20,0.0,True,1,0.0,0.0,0.0,0.0,0.0,0,0,19,0,1
fc_openrouter_gpt_oss_120b,traj_020,financial_products.checking_accounts,20,1.0,False,0,,,0.0,,,20,0,0,0,0
fc_openrouter_gpt_oss_120b,traj_020,financial_products.loans,20,0.45,True,1,0.0,0.0,0.0,0.0,0.0,9,0,11,0,0
fc_openrouter_gpt_oss_120b,traj_020,financial_products.pension_or_irp,20,0.05,True,1,0.0,0.0,0.0,0.0,0.0,1,0,19,0,0
fc_openrouter_gpt_oss_120b,traj_020,financial_products.savings_accounts,20,1.0,False,0,,,0.0,,,20,0,0,0,0
fc_openrouter_gpt_oss_120b,traj_020,goals.child_education_goal,20,1.0,False,0,,,0.0,,,20,0,0,0,0
fc_openrouter_gpt_oss_120b,traj_020,goals.emergency_fund,20,1.0,False,0,,,0.0,,,20,0,0,0,0
fc_openrouter_gpt_oss_120b,traj_020,goals.housing_deposit_goal,20,1.0,False,0,,,0.0,,,20,0,0,0,0
fc_openrouter_gpt_oss_120b,traj_020,goals.retirement_goal,20,1.0,False,0,,,0.0,,,20,0,0,0,0
fc_openrouter_gpt_oss_120b,traj_020,household.child_support_arrangement,20,0.85,True,1,0.0,0.0,0.0,0.0,0.0,17,0,3,0,0
fc_openrouter_gpt_oss_120b,traj_020,household.children,20,0.6,True,1,0.0,0.0,0.0,0.0,0.0,12,0,8,0,0
fc_openrouter_gpt_oss_120b,traj_020,household.dependents,20,0.5,True,1,0.0,0.0,0.0,0.0,0.0,10,0,10,0,0
fc_openrouter_gpt_oss_120b,traj_020,household.marital_status,20,0.85,True,1,0.0,0.0,0.0,0.0,0.0,17,0,3,0,0
fc_openrouter_gpt_oss_120b,traj_020,household.spouse_or_partner,20,0.85,True,1,0.0,0.0,0.0,0.0,0.0,17,0,3,0,0
fc_openrouter_gpt_oss_120b,traj_020,housing.address,20,0.75,True,5,0.8,0.78,0.7222222222222222,0.7222222222222222,0.7222222222222222,2,0,0,13,5
fc_openrouter_gpt_oss_120b,traj_020,housing.contract_type,20,0.35,True,4,0.0,0.15,0.6,0.2,0.3,4,1,11,3,1
fc_openrouter_gpt_oss_120b,traj_020,housing.maintenance_fee_payee,20,0.45,True,2,0.0,0.0,0.0,0.0,0.0,9,0,11,0,0
fc_openrouter_gpt_oss_120b,traj_020,housing.mortgage_status,20,1.0,False,0,,,0.0,,,20,0,0,0,0
fc_openrouter_gpt_oss_120b,traj_020,housing.primary_residence_property_id,20,0.45,True,1,0.0,0.0,0.0,0.0,0.0,9,0,11,0,0
fc_openrouter_gpt_oss_120b,traj_020,housing.properties,20,0.45,True,1,0.0,0.0,0.0,0.0,0.0,9,0,11,0,0
fc_openrouter_gpt_oss_120b,traj_020,housing.rent_amount,20,1.0,False,0,,,0.0,,,20,0,0,0,0
fc_openrouter_gpt_oss_120b,traj_020,housing.rent_payee,20,1.0,False,0,,,0.0,,,20,0,0,0,0
fc_openrouter_gpt_oss_120b,traj_020,housing.residence_status,20,0.35,True,4,0.0,0.15,0.6,0.2,0.3,4,1,11,3,1
fc_openrouter_gpt_oss_120b,traj_020,profile.age,20,1.0,False,0,,,0.0,,,20,0,0,0,0
fc_openrouter_gpt_oss_120b,traj_020,profile.locale,20,1.0,False,0,,,0.0,,,20,0,0,0,0
fc_openrouter_gpt_oss_120b,traj_020,profile.region,20,0.9,False,0,,,0.0,,,18,2,0,0,0
