method_id,trajectory_id,checkpoint,value_accuracy,status_accuracy,evidence_hit_rate,evidence_citation_precision,exact_state_match
fc_openrouter_gpt_oss_120b,traj_001,15,0.9705882352941176,0.9705882352941176,0.6,1.0,False
fc_openrouter_gpt_oss_120b,traj_001,30,0.8529411764705882,0.8823529411764706,0.0,,False
fc_openrouter_gpt_oss_120b,traj_001,45,0.8529411764705882,0.8823529411764706,0.0,,False
fc_openrouter_gpt_oss_120b,traj_001,60,0.7941176470588235,0.8529411764705882,0.0,,False
fc_openrouter_gpt_oss_120b,traj_001,75,0.7941176470588235,0.9117647058823529,0.0,0.0,False
fc_openrouter_gpt_oss_120b,traj_001,90,0.7352941176470589,0.8235294117647058,0.0,,False
fc_openrouter_gpt_oss_120b,traj_001,105,0.5882352941176471,0.8235294117647058,0.0,0.0,False
fc_openrouter_gpt_oss_120b,traj_001,120,0.5588235294117647,0.8529411764705882,0.0,0.0,False
fc_openrouter_gpt_oss_120b,traj_001,135,0.5588235294117647,0.8235294117647058,0.0,,False
fc_openrouter_gpt_oss_120b,traj_001,150,0.6176470588235294,0.8235294117647058,0.0,0.0,False
fc_openrouter_gpt_oss_120b,traj_001,165,0.5588235294117647,0.7941176470588235,0.0,,False
fc_openrouter_gpt_oss_120b,traj_001,180,0.5294117647058824,0.7941176470588235,0.0,,False
fc_openrouter_gpt_oss_120b,traj_001,195,0.5882352941176471,0.8823529411764706,0.0,0.0,False
fc_openrouter_gpt_oss_120b,traj_001,210,0.5294117647058824,0.8529411764705882,0.0,0.0,False
fc_openrouter_gpt_oss_120b,traj_001,225,0.5,0.7941176470588235,0.0,,False
fc_openrouter_gpt_oss_120b,traj_001,240,0.5294117647058824,0.8235294117647058,0.0,0.0,False
fc_openrouter_gpt_oss_120b,traj_001,255,0.5,0.7647058823529411,0.0,0.0,False
fc_openrouter_gpt_oss_120b,traj_001,270,0.47058823529411764,0.7647058823529411,0.0,,False
fc_openrouter_gpt_oss_120b,traj_001,285,0.5,0.7647058823529411,0.0,0.0,False
fc_openrouter_gpt_oss_120b,traj_001,300,0.5,0.7647058823529411,0.0,0.0,False
fc_openrouter_gpt_oss_120b,traj_002,15,1.0,1.0,1.0,1.0,True
fc_openrouter_gpt_oss_120b,traj_002,30,0.9705882352941176,1.0,0.5,1.0,False
fc_openrouter_gpt_oss_120b,traj_002,45,0.9117647058823529,0.9117647058823529,0.14285714285714285,1.0,False
fc_openrouter_gpt_oss_120b,traj_002,60,0.7647058823529411,0.8529411764705882,0.0,,False
fc_openrouter_gpt_oss_120b,traj_002,75,0.7647058823529411,0.9411764705882353,0.0,,False
fc_openrouter_gpt_oss_120b,traj_002,90,0.7647058823529411,0.9411764705882353,0.0,,False
fc_openrouter_gpt_oss_120b,traj_002,105,0.7352941176470589,1.0,0.375,0.3,False
fc_openrouter_gpt_oss_120b,traj_002,120,0.7647058823529411,0.9117647058823529,0.0,0.0,False
fc_openrouter_gpt_oss_120b,traj_002,135,0.7647058823529411,0.8235294117647058,0.0,0.0,False
fc_openrouter_gpt_oss_120b,traj_002,150,0.7058823529411765,0.8235294117647058,0.0,0.0,False
fc_openrouter_gpt_oss_120b,traj_002,165,0.5882352941176471,0.7941176470588235,0.0,0.0,False
fc_openrouter_gpt_oss_120b,traj_002,180,0.5294117647058824,0.7941176470588235,0.0,0.0,False
fc_openrouter_gpt_oss_120b,traj_002,195,0.6764705882352942,0.8235294117647058,0.0,,False
fc_openrouter_gpt_oss_120b,traj_002,210,0.6470588235294118,0.9117647058823529,0.0,0.0,False
fc_openrouter_gpt_oss_120b,traj_002,225,0.6764705882352942,0.9117647058823529,0.0,0.0,False
fc_openrouter_gpt_oss_120b,traj_002,240,0.6470588235294118,0.7941176470588235,0.0,0.0,False
fc_openrouter_gpt_oss_120b,traj_002,255,0.6470588235294118,0.8235294117647058,0.0,,False
fc_openrouter_gpt_oss_120b,traj_002,270,0.5882352941176471,0.7941176470588235,0.0,,False
fc_openrouter_gpt_oss_120b,traj_002,285,0.5882352941176471,0.7941176470588235,0.0,0.0,False
fc_openrouter_gpt_oss_120b,traj_002,300,0.5588235294117647,0.7941176470588235,0.0,0.0,False
fc_openrouter_gpt_oss_120b,traj_003,15,0.8529411764705882,0.8823529411764706,0.0,,False
fc_openrouter_gpt_oss_120b,traj_003,30,0.8529411764705882,0.8823529411764706,0.16666666666666666,0.5,False
fc_openrouter_gpt_oss_120b,traj_003,45,0.8235294117647058,0.8823529411764706,0.16666666666666666,0.5,False
fc_openrouter_gpt_oss_120b,traj_003,60,0.8235294117647058,0.8823529411764706,0.14285714285714285,0.3333333333333333,False
fc_openrouter_gpt_oss_120b,traj_003,75,0.9117647058823529,0.9705882352941176,0.42857142857142855,0.6,False
fc_openrouter_gpt_oss_120b,traj_003,90,0.7941176470588235,0.8529411764705882,0.1111111111111111,0.5,False
fc_openrouter_gpt_oss_120b,traj_003,105,0.7647058823529411,0.9117647058823529,0.08333333333333333,0.25,False
fc_openrouter_gpt_oss_120b,traj_003,120,0.7647058823529411,0.9411764705882353,0.16666666666666666,0.4,False
fc_openrouter_gpt_oss_120b,traj_003,135,0.7058823529411765,0.8529411764705882,0.09090909090909091,0.2,False
fc_openrouter_gpt_oss_120b,traj_003,150,0.6764705882352942,0.8235294117647058,0.08333333333333333,0.2,False
fc_openrouter_gpt_oss_120b,traj_003,165,0.5588235294117647,0.7941176470588235,0.06666666666666667,0.5,False
fc_openrouter_gpt_oss_120b,traj_003,180,0.5588235294117647,0.7941176470588235,0.0,0.0,False
fc_openrouter_gpt_oss_120b,traj_003,195,0.47058823529411764,0.7647058823529411,0.0,0.0,False
fc_openrouter_gpt_oss_120b,traj_003,210,0.4117647058823529,0.7647058823529411,0.0,0.0,False
fc_openrouter_gpt_oss_120b,traj_003,225,0.5,0.8529411764705882,0.0,0.0,False
fc_openrouter_gpt_oss_120b,traj_003,240,0.4411764705882353,0.7647058823529411,0.0,0.0,False
fc_openrouter_gpt_oss_120b,traj_003,255,0.4411764705882353,0.8529411764705882,0.0,0.0,False
fc_openrouter_gpt_oss_120b,traj_003,270,0.5294117647058824,0.7647058823529411,0.0,0.0,False
fc_openrouter_gpt_oss_120b,traj_003,285,0.5294117647058824,0.8529411764705882,0.0,0.0,False
fc_openrouter_gpt_oss_120b,traj_003,300,0.5,0.8823529411764706,0.0,0.0,False
fc_openrouter_gpt_oss_120b,traj_004,15,0.9705882352941176,1.0,0.0,0.0,False
fc_openrouter_gpt_oss_120b,traj_004,30,0.9117647058823529,0.9705882352941176,0.0,,False
fc_openrouter_gpt_oss_120b,traj_004,45,0.9117647058823529,0.9705882352941176,0.0,0.0,False
fc_openrouter_gpt_oss_120b,traj_004,60,0.9117647058823529,0.9705882352941176,0.0,0.0,False
fc_openrouter_gpt_oss_120b,traj_004,75,0.7647058823529411,0.8529411764705882,0.0,0.0,False
fc_openrouter_gpt_oss_120b,traj_004,90,0.7647058823529411,0.8529411764705882,0.0,0.0,False
fc_openrouter_gpt_oss_120b,traj_004,105,0.7647058823529411,0.8529411764705882,0.0,,False
fc_openrouter_gpt_oss_120b,traj_004,120,0.7352941176470589,0.8529411764705882,0.0,,False
fc_openrouter_gpt_oss_120b,traj_004,135,0.5588235294117647,0.7647058823529411,0.0,0.0,False
fc_openrouter_gpt_oss_120b,traj_004,150,0.5588235294117647,0.7647058823529411,0.0,,False
fc_openrouter_gpt_oss_120b,traj_004,165,0.5588235294117647,0.7647058823529411,0.0,,False
fc_openrouter_gpt_oss_120b,traj_004,180,0.5,0.7352941176470589,0.0,0.0,False
fc_openrouter_gpt_oss_120b,traj_004,195,0.5,0.7352941176470589,0.0,,False
fc_openrouter_gpt_oss_120b,traj_004,210,0.4117647058823529,0.7058823529411765,0.0,0.0,False
fc_openrouter_gpt_oss_120b,traj_004,225,0.4411764705882353,0.7058823529411765,0.0,0.0,False
fc_openrouter_gpt_oss_120b,traj_004,240,0.4117647058823529,0.7058823529411765,0.0,,False
fc_openrouter_gpt_oss_120b,traj_004,255,0.38235294117647056,0.6764705882352942,0.0,0.0,False
fc_openrouter_gpt_oss_120b,traj_004,270,0.4117647058823529,0.7352941176470589,0.0,0.0,False
fc_openrouter_gpt_oss_120b,traj_004,285,0.38235294117647056,0.6764705882352942,0.0,0.0,False
fc_openrouter_gpt_oss_120b,traj_004,300,0.4411764705882353,0.7352941176470589,0.0,0.0,False
fc_openrouter_gpt_oss_120b,traj_005,15,0.8529411764705882,0.8823529411764706,0.0,,False
fc_openrouter_gpt_oss_120b,traj_005,30,0.8235294117647058,0.8529411764705882,0.0,,False
fc_openrouter_gpt_oss_120b,traj_005,45,0.8235294117647058,0.8529411764705882,0.0,,False
fc_openrouter_gpt_oss_120b,traj_005,60,0.7647058823529411,0.8529411764705882,0.0,,False
fc_openrouter_gpt_oss_120b,traj_005,75,0.7352941176470589,0.8529411764705882,0.0,,False
fc_openrouter_gpt_oss_120b,traj_005,90,0.6764705882352942,0.7941176470588235,0.0,,False
fc_openrouter_gpt_oss_120b,traj_005,105,0.6470588235294118,0.7941176470588235,0.0,,False
fc_openrouter_gpt_oss_120b,traj_005,120,0.5588235294117647,0.7647058823529411,0.058823529411764705,1.0,False
fc_openrouter_gpt_oss_120b,traj_005,135,0.5882352941176471,0.7941176470588235,0.06666666666666667,1.0,False
fc_openrouter_gpt_oss_120b,traj_005,150,0.4411764705882353,0.7352941176470589,0.0,0.0,False
fc_openrouter_gpt_oss_120b,traj_005,165,0.5,0.7941176470588235,0.0,0.0,False
fc_openrouter_gpt_oss_120b,traj_005,180,0.6470588235294118,0.9117647058823529,0.17647058823529413,0.5,False
fc_openrouter_gpt_oss_120b,traj_005,195,0.5,0.7941176470588235,0.0,0.0,False
fc_openrouter_gpt_oss_120b,traj_005,210,0.5294117647058824,0.8235294117647058,0.0,0.0,False
fc_openrouter_gpt_oss_120b,traj_005,225,0.5882352941176471,0.9117647058823529,0.11764705882352941,0.4,False
fc_openrouter_gpt_oss_120b,traj_005,240,0.6176470588235294,0.8529411764705882,0.125,0.5,False
fc_openrouter_gpt_oss_120b,traj_005,255,0.5588235294117647,0.8235294117647058,0.10526315789473684,0.5,False
fc_openrouter_gpt_oss_120b,traj_005,270,0.5,0.7352941176470589,0.0,0.0,False
fc_openrouter_gpt_oss_120b,traj_005,285,0.5,0.7352941176470589,0.0,0.0,False
fc_openrouter_gpt_oss_120b,traj_005,300,0.5,0.7352941176470589,0.0,0.0,False
fc_openrouter_gpt_oss_120b,traj_006,15,0.8823529411764706,0.9411764705882353,0.2,0.5,False
fc_openrouter_gpt_oss_120b,traj_006,30,0.8235294117647058,0.9411764705882353,0.14285714285714285,1.0,False
fc_openrouter_gpt_oss_120b,traj_006,45,0.7941176470588235,0.9411764705882353,0.125,0.5,False
fc_openrouter_gpt_oss_120b,traj_006,60,0.7352941176470589,0.8529411764705882,0.09090909090909091,1.0,False
fc_openrouter_gpt_oss_120b,traj_006,75,0.6764705882352942,0.8235294117647058,0.0,0.0,False
fc_openrouter_gpt_oss_120b,traj_006,90,0.6470588235294118,0.8235294117647058,0.06666666666666667,1.0,False
fc_openrouter_gpt_oss_120b,traj_006,105,0.7058823529411765,0.9117647058823529,0.08333333333333333,1.0,False
fc_openrouter_gpt_oss_120b,traj_006,120,0.7352941176470589,0.9117647058823529,0.09090909090909091,1.0,False
fc_openrouter_gpt_oss_120b,traj_006,135,0.7352941176470589,0.9117647058823529,0.09090909090909091,1.0,False
fc_openrouter_gpt_oss_120b,traj_006,150,0.6470588235294118,0.8823529411764706,0.0,0.0,False
fc_openrouter_gpt_oss_120b,traj_006,165,0.7058823529411765,0.9705882352941176,0.0,0.0,False
fc_openrouter_gpt_oss_120b,traj_006,180,0.7647058823529411,0.9705882352941176,0.0,0.0,False
fc_openrouter_gpt_oss_120b,traj_006,195,0.6764705882352942,0.9411764705882353,0.0,0.0,False
fc_openrouter_gpt_oss_120b,traj_006,210,0.6176470588235294,0.8823529411764706,0.07142857142857142,1.0,False
fc_openrouter_gpt_oss_120b,traj_006,225,0.5882352941176471,0.8823529411764706,0.0,0.0,False
fc_openrouter_gpt_oss_120b,traj_006,240,0.5588235294117647,0.7941176470588235,0.0,0.0,False
fc_openrouter_gpt_oss_120b,traj_006,255,0.5588235294117647,0.7941176470588235,0.0,0.0,False
fc_openrouter_gpt_oss_120b,traj_006,270,0.5294117647058824,0.7941176470588235,0.0,0.0,False
fc_openrouter_gpt_oss_120b,traj_006,285,0.5882352941176471,0.8529411764705882,0.0,0.0,False
fc_openrouter_gpt_oss_120b,traj_006,300,0.6176470588235294,0.8529411764705882,0.0,0.0,False
fc_openrouter_gpt_oss_120b,traj_007,15,1.0,1.0,,,True
fc_openrouter_gpt_oss_120b,traj_007,30,0.9705882352941176,1.0,0.0,,False
fc_openrouter_gpt_oss_120b,traj_007,45,0.9411764705882353,1.0,0.0,,False
fc_openrouter_gpt_oss_120b,traj_007,60,0.9705882352941176,1.0,0.0,,False
fc_openrouter_gpt_oss_120b,traj_007,75,0.9411764705882353,1.0,0.0,,False
fc_openrouter_gpt_oss_120b,traj_007,90,0.8823529411764706,0.9411764705882353,0.0,,False
fc_openrouter_gpt_oss_120b,traj_007,105,0.8235294117647058,0.9411764705882353,0.0,,False
fc_openrouter_gpt_oss_120b,traj_007,120,0.7647058823529411,0.8823529411764706,0.0,,False
fc_openrouter_gpt_oss_120b,traj_007,135,0.7352941176470589,0.8529411764705882,0.0,,False
fc_openrouter_gpt_oss_120b,traj_007,150,0.7352941176470589,0.8235294117647058,0.0,,False
fc_openrouter_gpt_oss_120b,traj_007,165,0.7352941176470589,0.8235294117647058,0.0,,False
fc_openrouter_gpt_oss_120b,traj_007,180,0.7058823529411765,0.8235294117647058,0.0,,False
fc_openrouter_gpt_oss_120b,traj_007,195,0.7941176470588235,0.9117647058823529,0.0,,False
fc_openrouter_gpt_oss_120b,traj_007,210,0.7352941176470589,0.8235294117647058,0.0,,False
fc_openrouter_gpt_oss_120b,traj_007,225,0.7352941176470589,0.8235294117647058,0.0,,False
fc_openrouter_gpt_oss_120b,traj_007,240,0.7941176470588235,0.9117647058823529,0.0,,False
fc_openrouter_gpt_oss_120b,traj_007,255,0.7941176470588235,0.9117647058823529,0.0,,False
fc_openrouter_gpt_oss_120b,traj_007,270,0.8235294117647058,0.9117647058823529,0.0,,False
fc_openrouter_gpt_oss_120b,traj_007,285,0.7647058823529411,0.8235294117647058,0.0,,False
fc_openrouter_gpt_oss_120b,traj_007,300,0.7647058823529411,0.8235294117647058,0.0,,False
fc_openrouter_gpt_oss_120b,traj_008,15,0.9705882352941176,1.0,0.0,,False
fc_openrouter_gpt_oss_120b,traj_008,30,0.9411764705882353,1.0,0.0,,False
fc_openrouter_gpt_oss_120b,traj_008,45,0.9117647058823529,1.0,0.25,1.0,False
fc_openrouter_gpt_oss_120b,traj_008,60,0.8235294117647058,0.9705882352941176,0.0,0.0,False
fc_openrouter_gpt_oss_120b,traj_008,75,0.8235294117647058,0.9117647058823529,0.1,0.3333333333333333,False
fc_openrouter_gpt_oss_120b,traj_008,90,0.7352941176470589,0.9117647058823529,0.0,0.0,False
fc_openrouter_gpt_oss_120b,traj_008,105,0.7941176470588235,0.9705882352941176,0.0,,False
fc_openrouter_gpt_oss_120b,traj_008,120,0.8235294117647058,0.9705882352941176,0.0,0.0,False
fc_openrouter_gpt_oss_120b,traj_008,135,0.7941176470588235,0.9705882352941176,0.0,0.0,False
fc_openrouter_gpt_oss_120b,traj_008,150,0.7352941176470589,0.9411764705882353,0.0,0.0,False
fc_openrouter_gpt_oss_120b,traj_008,165,0.7058823529411765,0.9117647058823529,0.0,,False
fc_openrouter_gpt_oss_120b,traj_008,180,0.6176470588235294,0.8235294117647058,0.0,0.0,False
fc_openrouter_gpt_oss_120b,traj_008,195,0.6764705882352942,0.9117647058823529,0.0,0.0,False
fc_openrouter_gpt_oss_120b,traj_008,210,0.7058823529411765,0.9117647058823529,0.09090909090909091,0.3333333333333333,False
fc_openrouter_gpt_oss_120b,traj_008,225,0.6176470588235294,0.8235294117647058,0.07142857142857142,0.3333333333333333,False
fc_openrouter_gpt_oss_120b,traj_008,240,0.5,0.7941176470588235,0.0,0.0,False
fc_openrouter_gpt_oss_120b,traj_008,255,0.5,0.7941176470588235,0.0,0.0,False
fc_openrouter_gpt_oss_120b,traj_008,270,0.47058823529411764,0.7941176470588235,0.0,0.0,False
fc_openrouter_gpt_oss_120b,traj_008,285,0.5,0.7941176470588235,0.0,0.0,False
fc_openrouter_gpt_oss_120b,traj_008,300,0.47058823529411764,0.7647058823529411,0.0,0.0,False
fc_openrouter_gpt_oss_120b,traj_009,15,0.8823529411764706,0.9411764705882353,0.2,1.0,False
fc_openrouter_gpt_oss_120b,traj_009,30,0.8529411764705882,0.9117647058823529,0.16666666666666666,1.0,False
fc_openrouter_gpt_oss_120b,traj_009,45,0.7941176470588235,0.8235294117647058,0.09090909090909091,1.0,False
fc_openrouter_gpt_oss_120b,traj_009,60,0.6764705882352942,0.7647058823529411,0.08333333333333333,0.16666666666666666,False
fc_openrouter_gpt_oss_120b,traj_009,75,0.6176470588235294,0.7941176470588235,0.0,0.0,False
fc_openrouter_gpt_oss_120b,traj_009,90,0.6764705882352942,0.8823529411764706,0.08333333333333333,1.0,False
fc_openrouter_gpt_oss_120b,traj_009,105,0.6764705882352942,0.8823529411764706,0.09090909090909091,0.5,False
fc_openrouter_gpt_oss_120b,traj_009,120,0.6764705882352942,0.8823529411764706,0.0,0.0,False
fc_openrouter_gpt_oss_120b,traj_009,135,0.6470588235294118,0.7941176470588235,0.06666666666666667,0.5,False
fc_openrouter_gpt_oss_120b,traj_009,150,0.6176470588235294,0.7941176470588235,0.06666666666666667,1.0,False
fc_openrouter_gpt_oss_120b,traj_009,165,0.6764705882352942,0.7941176470588235,0.0,0.0,False
fc_openrouter_gpt_oss_120b,traj_009,180,0.6764705882352942,0.8823529411764706,0.0,0.0,False
fc_openrouter_gpt_oss_120b,traj_009,195,0.5882352941176471,0.8823529411764706,0.0,0.0,False
fc_openrouter_gpt_oss_120b,traj_009,210,0.6764705882352942,0.8823529411764706,0.08333333333333333,1.0,False
fc_openrouter_gpt_oss_120b,traj_009,225,0.6470588235294118,0.7941176470588235,0.06666666666666667,0.5,False
fc_openrouter_gpt_oss_120b,traj_009,240,0.5588235294117647,0.8823529411764706,0.0,0.0,False
fc_openrouter_gpt_oss_120b,traj_009,255,0.7058823529411765,0.9117647058823529,0.09090909090909091,0.5,False
fc_openrouter_gpt_oss_120b,traj_009,270,0.7058823529411765,0.7941176470588235,0.1,0.14285714285714285,False
fc_openrouter_gpt_oss_120b,traj_009,285,0.5294117647058824,0.8529411764705882,0.0,0.0,False
fc_openrouter_gpt_oss_120b,traj_009,300,0.5294117647058824,0.7941176470588235,0.0,0.0,False
fc_openrouter_gpt_oss_120b,traj_010,15,0.8529411764705882,0.9411764705882353,0.0,,False
fc_openrouter_gpt_oss_120b,traj_010,30,0.8823529411764706,0.9117647058823529,0.0,0.0,False
fc_openrouter_gpt_oss_120b,traj_010,45,0.7352941176470589,0.8823529411764706,0.0,0.0,False
fc_openrouter_gpt_oss_120b,traj_010,60,0.6470588235294118,0.8235294117647058,0.0,0.0,False
fc_openrouter_gpt_oss_120b,traj_010,75,0.6470588235294118,0.8235294117647058,0.07142857142857142,1.0,False
fc_openrouter_gpt_oss_120b,traj_010,90,0.7352941176470589,0.8823529411764706,0.0,0.0,False
fc_openrouter_gpt_oss_120b,traj_010,105,0.7058823529411765,0.8823529411764706,0.0,,False
fc_openrouter_gpt_oss_120b,traj_010,120,0.7058823529411765,0.8823529411764706,0.0,0.0,False
fc_openrouter_gpt_oss_120b,traj_010,135,0.7058823529411765,0.8823529411764706,0.0,0.0,False
fc_openrouter_gpt_oss_120b,traj_010,150,0.6764705882352942,0.8823529411764706,0.0,0.0,False
fc_openrouter_gpt_oss_120b,traj_010,165,0.6764705882352942,0.8529411764705882,0.0,0.0,False
fc_openrouter_gpt_oss_120b,traj_010,180,0.6764705882352942,0.8529411764705882,0.0,0.0,False
fc_openrouter_gpt_oss_120b,traj_010,195,0.6176470588235294,0.7647058823529411,0.0,0.0,False
fc_openrouter_gpt_oss_120b,traj_010,210,0.5882352941176471,0.7647058823529411,0.058823529411764705,1.0,False
fc_openrouter_gpt_oss_120b,traj_010,225,0.5882352941176471,0.7647058823529411,0.058823529411764705,1.0,False
fc_openrouter_gpt_oss_120b,traj_010,240,0.5882352941176471,0.7647058823529411,0.0,0.0,False
fc_openrouter_gpt_oss_120b,traj_010,255,0.5,0.7352941176470589,0.0,0.0,False
fc_openrouter_gpt_oss_120b,traj_010,270,0.47058823529411764,0.7058823529411765,0.0,0.0,False
fc_openrouter_gpt_oss_120b,traj_010,285,0.5588235294117647,0.7352941176470589,0.0,,False
fc_openrouter_gpt_oss_120b,traj_010,300,0.47058823529411764,0.8235294117647058,0.0,,False
fc_openrouter_gpt_oss_120b,traj_011,15,1.0,1.0,,,True
fc_openrouter_gpt_oss_120b,traj_011,30,0.9411764705882353,0.9117647058823529,0.0,,False
fc_openrouter_gpt_oss_120b,traj_011,45,0.9117647058823529,0.9117647058823529,0.0,,False
fc_openrouter_gpt_oss_120b,traj_011,60,0.8529411764705882,0.8823529411764706,0.0,,False
fc_openrouter_gpt_oss_120b,traj_011,75,0.7941176470588235,0.8235294117647058,0.0,,False
fc_openrouter_gpt_oss_120b,traj_011,90,0.8235294117647058,0.9117647058823529,0.0,,False
fc_openrouter_gpt_oss_120b,traj_011,105,0.7647058823529411,0.8529411764705882,0.0,,False
fc_openrouter_gpt_oss_120b,traj_011,120,0.7352941176470589,0.8529411764705882,0.0,,False
fc_openrouter_gpt_oss_120b,traj_011,135,0.7058823529411765,0.8235294117647058,0.0,,False
fc_openrouter_gpt_oss_120b,traj_011,150,0.6764705882352942,0.8235294117647058,0.0,,False
fc_openrouter_gpt_oss_120b,traj_011,165,0.6764705882352942,0.7941176470588235,0.0,,False
fc_openrouter_gpt_oss_120b,traj_011,180,0.7058823529411765,0.8823529411764706,0.0,,False
fc_openrouter_gpt_oss_120b,traj_011,195,0.7058823529411765,0.8823529411764706,0.0,,False
fc_openrouter_gpt_oss_120b,traj_011,210,0.7058823529411765,0.8823529411764706,0.0,,False
fc_openrouter_gpt_oss_120b,traj_011,225,0.7352941176470589,0.8823529411764706,0.0,0.0,False
fc_openrouter_gpt_oss_120b,traj_011,240,0.6470588235294118,0.7941176470588235,0.0,,False
fc_openrouter_gpt_oss_120b,traj_011,255,0.6764705882352942,0.7941176470588235,0.0,0.0,False
fc_openrouter_gpt_oss_120b,traj_011,270,0.6764705882352942,0.7941176470588235,0.0,,False
fc_openrouter_gpt_oss_120b,traj_011,285,0.6764705882352942,0.7941176470588235,0.0,,False
fc_openrouter_gpt_oss_120b,traj_011,300,0.7058823529411765,0.8529411764705882,0.0,0.0,False
fc_openrouter_gpt_oss_120b,traj_012,15,1.0,1.0,,,True
fc_openrouter_gpt_oss_120b,traj_012,30,0.9117647058823529,1.0,0.0,,False
fc_openrouter_gpt_oss_120b,traj_012,45,0.8529411764705882,1.0,0.0,,False
fc_openrouter_gpt_oss_120b,traj_012,60,0.8235294117647058,0.9705882352941176,0.0,,False
fc_openrouter_gpt_oss_120b,traj_012,75,0.8235294117647058,0.9411764705882353,0.0,0.0,False
fc_openrouter_gpt_oss_120b,traj_012,90,0.7941176470588235,0.9411764705882353,0.14285714285714285,0.5,False
fc_openrouter_gpt_oss_120b,traj_012,105,0.7647058823529411,0.8529411764705882,0.0,0.0,False
fc_openrouter_gpt_oss_120b,traj_012,120,0.7058823529411765,0.8529411764705882,0.0,,False
fc_openrouter_gpt_oss_120b,traj_012,135,0.6764705882352942,0.8529411764705882,0.0,0.0,False
fc_openrouter_gpt_oss_120b,traj_012,150,0.6764705882352942,0.8529411764705882,0.0,,False
fc_openrouter_gpt_oss_120b,traj_012,165,0.7058823529411765,0.8529411764705882,0.0,0.0,False
fc_openrouter_gpt_oss_120b,traj_012,180,0.6470588235294118,0.7941176470588235,0.0,0.0,False
fc_openrouter_gpt_oss_120b,traj_012,195,0.6470588235294118,0.8235294117647058,0.0,0.0,False
fc_openrouter_gpt_oss_120b,traj_012,210,0.6470588235294118,0.8235294117647058,0.0,0.0,False
fc_openrouter_gpt_oss_120b,traj_012,225,0.6470588235294118,0.8235294117647058,0.0,,False
fc_openrouter_gpt_oss_120b,traj_012,240,0.5882352941176471,0.8235294117647058,0.0,0.0,False
fc_openrouter_gpt_oss_120b,traj_012,255,0.6470588235294118,0.7941176470588235,0.0,0.0,False
fc_openrouter_gpt_oss_120b,traj_012,270,0.6470588235294118,0.7941176470588235,0.0,0.0,False
fc_openrouter_gpt_oss_120b,traj_012,285,0.6764705882352942,0.7941176470588235,0.0,0.0,False
fc_openrouter_gpt_oss_120b,traj_012,300,0.6470588235294118,0.7941176470588235,0.0,0.0,False
fc_openrouter_gpt_oss_120b,traj_013,15,0.9705882352941176,0.9705882352941176,0.0,,False
fc_openrouter_gpt_oss_120b,traj_013,30,0.9705882352941176,0.9705882352941176,0.0,,False
fc_openrouter_gpt_oss_120b,traj_013,45,0.8235294117647058,0.9117647058823529,0.0,,False
fc_openrouter_gpt_oss_120b,traj_013,60,0.8529411764705882,0.9117647058823529,0.0,0.0,False
fc_openrouter_gpt_oss_120b,traj_013,75,0.8235294117647058,0.9411764705882353,0.0,0.0,False
fc_openrouter_gpt_oss_120b,traj_013,90,0.7647058823529411,0.8823529411764706,0.0,0.0,False
fc_openrouter_gpt_oss_120b,traj_013,105,0.7352941176470589,0.9117647058823529,0.0,0.0,False
fc_openrouter_gpt_oss_120b,traj_013,120,0.7352941176470589,0.8235294117647058,0.15384615384615385,0.5,False
fc_openrouter_gpt_oss_120b,traj_013,135,0.7352941176470589,0.7941176470588235,0.14285714285714285,0.6666666666666666,False
fc_openrouter_gpt_oss_120b,traj_013,150,0.7058823529411765,0.8235294117647058,0.14285714285714285,0.3333333333333333,False
fc_openrouter_gpt_oss_120b,traj_013,165,0.7647058823529411,0.8235294117647058,0.09090909090909091,1.0,False
fc_openrouter_gpt_oss_120b,traj_013,180,0.7941176470588235,0.8529411764705882,0.1,0.3333333333333333,False
fc_openrouter_gpt_oss_120b,traj_013,195,0.7941176470588235,0.8235294117647058,0.09090909090909091,0.5,False
fc_openrouter_gpt_oss_120b,traj_013,210,0.8235294117647058,0.9117647058823529,0.375,0.75,False
fc_openrouter_gpt_oss_120b,traj_013,225,0.7352941176470589,0.9117647058823529,0.1111111111111111,0.25,False
fc_openrouter_gpt_oss_120b,traj_013,240,0.6764705882352942,0.8823529411764706,0.0,0.0,False
fc_openrouter_gpt_oss_120b,traj_013,255,0.7647058823529411,0.8823529411764706,0.0,0.0,False
fc_openrouter_gpt_oss_120b,traj_013,270,0.7352941176470589,0.8823529411764706,0.0,0.0,False
fc_openrouter_gpt_oss_120b,traj_013,285,0.5882352941176471,0.8529411764705882,0.0,0.0,False
fc_openrouter_gpt_oss_120b,traj_013,300,0.7058823529411765,0.8235294117647058,0.0,0.0,False
fc_openrouter_gpt_oss_120b,traj_014,15,0.9705882352941176,1.0,0.0,,False
fc_openrouter_gpt_oss_120b,traj_014,30,0.9705882352941176,1.0,0.0,0.0,False
fc_openrouter_gpt_oss_120b,traj_014,45,0.9411764705882353,1.0,0.0,0.0,False
fc_openrouter_gpt_oss_120b,traj_014,60,0.8823529411764706,0.9411764705882353,0.0,0.0,False
fc_openrouter_gpt_oss_120b,traj_014,75,0.8529411764705882,0.9411764705882353,0.125,1.0,False
fc_openrouter_gpt_oss_120b,traj_014,90,0.8235294117647058,0.9411764705882353,0.1111111111111111,1.0,False
fc_openrouter_gpt_oss_120b,traj_014,105,0.8235294117647058,0.9411764705882353,0.0,0.0,False
fc_openrouter_gpt_oss_120b,traj_014,120,0.8529411764705882,1.0,0.0,0.0,False
fc_openrouter_gpt_oss_120b,traj_014,135,0.7058823529411765,0.9411764705882353,0.0,0.0,False
fc_openrouter_gpt_oss_120b,traj_014,150,0.6764705882352942,0.9411764705882353,0.0,0.0,False
fc_openrouter_gpt_oss_120b,traj_014,165,0.6176470588235294,0.8529411764705882,0.0,,False
fc_openrouter_gpt_oss_120b,traj_014,180,0.6764705882352942,0.9411764705882353,0.0,0.0,False
fc_openrouter_gpt_oss_120b,traj_014,195,0.6764705882352942,0.9411764705882353,0.0,,False
fc_openrouter_gpt_oss_120b,traj_014,210,0.6176470588235294,0.8823529411764706,0.0,0.0,False
fc_openrouter_gpt_oss_120b,traj_014,225,0.5882352941176471,0.8235294117647058,0.0625,0.3333333333333333,False
fc_openrouter_gpt_oss_120b,traj_014,240,0.5294117647058824,0.7941176470588235,0.0,,False
fc_openrouter_gpt_oss_120b,traj_014,255,0.5588235294117647,0.7941176470588235,0.0,0.0,False
fc_openrouter_gpt_oss_120b,traj_014,270,0.5588235294117647,0.7941176470588235,0.0,0.0,False
fc_openrouter_gpt_oss_120b,traj_014,285,0.5294117647058824,0.7647058823529411,0.0,0.0,False
fc_openrouter_gpt_oss_120b,traj_014,300,0.5882352941176471,0.8529411764705882,0.0,0.0,False
fc_openrouter_gpt_oss_120b,traj_015,15,1.0,1.0,,,True
fc_openrouter_gpt_oss_120b,traj_015,30,0.9411764705882353,1.0,1.0,1.0,False
fc_openrouter_gpt_oss_120b,traj_015,45,0.9117647058823529,0.9705882352941176,0.75,1.0,False
fc_openrouter_gpt_oss_120b,traj_015,60,0.8235294117647058,0.9117647058823529,0.375,1.0,False
fc_openrouter_gpt_oss_120b,traj_015,75,0.8235294117647058,0.9705882352941176,0.4,1.0,False
fc_openrouter_gpt_oss_120b,traj_015,90,0.7941176470588235,0.9411764705882353,0.16666666666666666,0.16666666666666666,False
fc_openrouter_gpt_oss_120b,traj_015,105,0.7647058823529411,0.8823529411764706,0.0,0.0,False
fc_openrouter_gpt_oss_120b,traj_015,120,0.7058823529411765,0.8529411764705882,0.0,0.0,False
fc_openrouter_gpt_oss_120b,traj_015,135,0.6764705882352942,0.8823529411764706,0.0,0.0,False
fc_openrouter_gpt_oss_120b,traj_015,150,0.7058823529411765,0.8823529411764706,0.0,0.0,False
fc_openrouter_gpt_oss_120b,traj_015,165,0.5882352941176471,0.8823529411764706,0.0,0.0,False
fc_openrouter_gpt_oss_120b,traj_015,180,0.6470588235294118,0.8823529411764706,0.0,0.0,False
fc_openrouter_gpt_oss_120b,traj_015,195,0.6470588235294118,0.8823529411764706,0.0,0.0,False
fc_openrouter_gpt_oss_120b,traj_015,210,0.5882352941176471,0.9411764705882353,0.0,0.0,False
fc_openrouter_gpt_oss_120b,traj_015,225,0.5882352941176471,0.8823529411764706,0.07142857142857142,0.1,False
fc_openrouter_gpt_oss_120b,traj_015,240,0.5588235294117647,0.8823529411764706,0.0,0.0,False
fc_openrouter_gpt_oss_120b,traj_015,255,0.5,0.8823529411764706,0.0,0.0,False
fc_openrouter_gpt_oss_120b,traj_015,270,0.5882352941176471,0.8823529411764706,0.0,0.0,False
fc_openrouter_gpt_oss_120b,traj_015,285,0.5588235294117647,0.8823529411764706,0.0,0.0,False
fc_openrouter_gpt_oss_120b,traj_015,300,0.5588235294117647,0.8823529411764706,0.0,0.0,False
fc_openrouter_gpt_oss_120b,traj_016,15,0.9411764705882353,0.9117647058823529,0.0,,False
fc_openrouter_gpt_oss_120b,traj_016,30,0.9411764705882353,0.9117647058823529,0.0,0.0,False
fc_openrouter_gpt_oss_120b,traj_016,45,0.6764705882352942,0.8529411764705882,0.1,0.2,False
fc_openrouter_gpt_oss_120b,traj_016,60,0.7058823529411765,0.8235294117647058,0.0,0.0,False
fc_openrouter_gpt_oss_120b,traj_016,75,0.8529411764705882,0.8235294117647058,0.0,0.0,False
fc_openrouter_gpt_oss_120b,traj_016,90,0.7352941176470589,0.8235294117647058,0.0,0.0,False
fc_openrouter_gpt_oss_120b,traj_016,105,0.6470588235294118,0.8823529411764706,0.0,0.0,False
fc_openrouter_gpt_oss_120b,traj_016,120,0.7352941176470589,0.8823529411764706,0.0,0.0,False
fc_openrouter_gpt_oss_120b,traj_016,135,0.6764705882352942,0.8823529411764706,0.0,0.0,False
fc_openrouter_gpt_oss_120b,traj_016,150,0.7058823529411765,0.9705882352941176,0.0,0.0,False
fc_openrouter_gpt_oss_120b,traj_016,165,0.7058823529411765,0.9117647058823529,0.0,0.0,False
fc_openrouter_gpt_oss_120b,traj_016,180,0.7352941176470589,0.8823529411764706,0.0,0.0,False
fc_openrouter_gpt_oss_120b,traj_016,195,0.6470588235294118,0.9117647058823529,0.0,0.0,False
fc_openrouter_gpt_oss_120b,traj_016,210,0.5588235294117647,0.8235294117647058,0.0,0.0,False
fc_openrouter_gpt_oss_120b,traj_016,225,0.6176470588235294,0.9117647058823529,0.0,0.0,False
fc_openrouter_gpt_oss_120b,traj_016,240,0.6176470588235294,0.8235294117647058,0.0,,False
fc_openrouter_gpt_oss_120b,traj_016,255,0.5,0.8235294117647058,0.0,0.0,False
fc_openrouter_gpt_oss_120b,traj_016,270,0.6176470588235294,0.8529411764705882,0.0,0.0,False
fc_openrouter_gpt_oss_120b,traj_016,285,0.5294117647058824,0.8529411764705882,0.14285714285714285,0.2,False
fc_openrouter_gpt_oss_120b,traj_016,300,0.5588235294117647,0.8823529411764706,0.0,0.0,False
fc_openrouter_gpt_oss_120b,traj_017,15,0.9411764705882353,0.9117647058823529,0.0,,False
fc_openrouter_gpt_oss_120b,traj_017,30,0.9411764705882353,0.9117647058823529,0.0,,False
fc_openrouter_gpt_oss_120b,traj_017,45,0.9411764705882353,0.9117647058823529,0.0,,False
fc_openrouter_gpt_oss_120b,traj_017,60,0.9117647058823529,0.8823529411764706,0.0,,False
fc_openrouter_gpt_oss_120b,traj_017,75,0.9117647058823529,0.8823529411764706,0.0,0.0,False
fc_openrouter_gpt_oss_120b,traj_017,90,0.9117647058823529,0.8823529411764706,0.0,,False
fc_openrouter_gpt_oss_120b,traj_017,105,0.8529411764705882,0.8823529411764706,0.0,0.0,False
fc_openrouter_gpt_oss_120b,traj_017,120,0.8529411764705882,0.8529411764705882,0.0,0.0,False
fc_openrouter_gpt_oss_120b,traj_017,135,0.8823529411764706,0.8529411764705882,0.0,0.0,False
fc_openrouter_gpt_oss_120b,traj_017,150,0.8235294117647058,0.9411764705882353,0.0,0.0,False
fc_openrouter_gpt_oss_120b,traj_017,165,0.6764705882352942,0.9117647058823529,0.0,0.0,False
fc_openrouter_gpt_oss_120b,traj_017,180,0.6470588235294118,0.9117647058823529,0.0,0.0,False
fc_openrouter_gpt_oss_120b,traj_017,195,0.6764705882352942,0.8823529411764706,0.0,0.0,False
fc_openrouter_gpt_oss_120b,traj_017,210,0.5588235294117647,0.8529411764705882,0.0,0.0,False
fc_openrouter_gpt_oss_120b,traj_017,225,0.5882352941176471,0.8529411764705882,0.0,0.0,False
fc_openrouter_gpt_oss_120b,traj_017,240,0.6176470588235294,0.8529411764705882,0.0,0.0,False
fc_openrouter_gpt_oss_120b,traj_017,255,0.6176470588235294,0.8529411764705882,0.0,,False
fc_openrouter_gpt_oss_120b,traj_017,270,0.5588235294117647,0.8235294117647058,0.0,0.0,False
fc_openrouter_gpt_oss_120b,traj_017,285,0.6176470588235294,0.7647058823529411,0.0,0.0,False
fc_openrouter_gpt_oss_120b,traj_017,300,0.5294117647058824,0.8529411764705882,0.0,0.0,False
fc_openrouter_gpt_oss_120b,traj_018,15,0.9705882352941176,0.9705882352941176,0.0,,False
fc_openrouter_gpt_oss_120b,traj_018,30,0.9411764705882353,0.9705882352941176,0.0,,False
fc_openrouter_gpt_oss_120b,traj_018,45,0.8823529411764706,0.8823529411764706,0.0,,False
fc_openrouter_gpt_oss_120b,traj_018,60,0.9117647058823529,0.8823529411764706,0.0,,False
fc_openrouter_gpt_oss_120b,traj_018,75,0.8823529411764706,0.8823529411764706,0.0,,False
fc_openrouter_gpt_oss_120b,traj_018,90,0.9117647058823529,0.8823529411764706,0.0,,False
fc_openrouter_gpt_oss_120b,traj_018,105,0.9117647058823529,0.9705882352941176,0.0,,False
fc_openrouter_gpt_oss_120b,traj_018,120,0.8529411764705882,0.9411764705882353,0.0,,False
fc_openrouter_gpt_oss_120b,traj_018,135,0.8235294117647058,0.9411764705882353,0.0,,False
fc_openrouter_gpt_oss_120b,traj_018,150,0.7058823529411765,0.9117647058823529,0.0,,False
fc_openrouter_gpt_oss_120b,traj_018,165,0.6764705882352942,0.9117647058823529,0.0,,False
fc_openrouter_gpt_oss_120b,traj_018,180,0.6764705882352942,0.9117647058823529,0.0,,False
fc_openrouter_gpt_oss_120b,traj_018,195,0.6764705882352942,0.9117647058823529,0.0,,False
fc_openrouter_gpt_oss_120b,traj_018,210,0.6764705882352942,0.9117647058823529,0.0,0.0,False
fc_openrouter_gpt_oss_120b,traj_018,225,0.6764705882352942,0.9117647058823529,0.0,,False
fc_openrouter_gpt_oss_120b,traj_018,240,0.7352941176470589,0.9411764705882353,0.0,,False
fc_openrouter_gpt_oss_120b,traj_018,255,0.7352941176470589,0.9705882352941176,0.0,0.0,False
fc_openrouter_gpt_oss_120b,traj_018,270,0.7352941176470589,0.9411764705882353,0.0,0.0,False
fc_openrouter_gpt_oss_120b,traj_018,285,0.7352941176470589,0.9411764705882353,0.0,0.0,False
fc_openrouter_gpt_oss_120b,traj_018,300,0.7352941176470589,0.9411764705882353,0.0,0.0,False
fc_openrouter_gpt_oss_120b,traj_019,15,0.9411764705882353,0.9411764705882353,0.0,,False
fc_openrouter_gpt_oss_120b,traj_019,30,0.9411764705882353,0.9117647058823529,0.0,0.0,False
fc_openrouter_gpt_oss_120b,traj_019,45,0.9117647058823529,0.9117647058823529,0.0,0.0,False
fc_openrouter_gpt_oss_120b,traj_019,60,0.9117647058823529,0.9705882352941176,0.0,,False
fc_openrouter_gpt_oss_120b,traj_019,75,0.8529411764705882,0.9411764705882353,0.0,0.0,False
fc_openrouter_gpt_oss_120b,traj_019,90,0.8235294117647058,0.9117647058823529,0.0,0.0,False
fc_openrouter_gpt_oss_120b,traj_019,105,0.7647058823529411,0.8823529411764706,0.0,0.0,False
fc_openrouter_gpt_oss_120b,traj_019,120,0.6470588235294118,0.8529411764705882,0.08333333333333333,0.3333333333333333,False
fc_openrouter_gpt_oss_120b,traj_019,135,0.6470588235294118,0.8529411764705882,0.0,0.0,False
fc_openrouter_gpt_oss_120b,traj_019,150,0.6470588235294118,0.8529411764705882,0.0,0.0,False
fc_openrouter_gpt_oss_120b,traj_019,165,0.6176470588235294,0.8235294117647058,0.0,0.0,False
fc_openrouter_gpt_oss_120b,traj_019,180,0.6176470588235294,0.8235294117647058,0.0,0.0,False
fc_openrouter_gpt_oss_120b,traj_019,195,0.6764705882352942,0.8235294117647058,0.08333333333333333,0.3333333333333333,False
fc_openrouter_gpt_oss_120b,traj_019,210,0.7941176470588235,0.8823529411764706,0.0,0.0,False
fc_openrouter_gpt_oss_120b,traj_019,225,0.7647058823529411,0.8823529411764706,0.0,0.0,False
fc_openrouter_gpt_oss_120b,traj_019,240,0.6470588235294118,0.8235294117647058,0.0,0.0,False
fc_openrouter_gpt_oss_120b,traj_019,255,0.6470588235294118,0.8235294117647058,0.0,0.0,False
fc_openrouter_gpt_oss_120b,traj_019,270,0.6470588235294118,0.8235294117647058,0.0,,False
fc_openrouter_gpt_oss_120b,traj_019,285,0.6470588235294118,0.8235294117647058,0.0,0.0,False
fc_openrouter_gpt_oss_120b,traj_019,300,0.7352941176470589,0.8529411764705882,0.0,0.0,False
fc_openrouter_gpt_oss_120b,traj_020,15,0.9411764705882353,0.9117647058823529,0.0,,False
fc_openrouter_gpt_oss_120b,traj_020,30,0.9117647058823529,0.9117647058823529,0.0,,False
fc_openrouter_gpt_oss_120b,traj_020,45,0.8235294117647058,0.8823529411764706,0.1,1.0,False
fc_openrouter_gpt_oss_120b,traj_020,60,0.7941176470588235,0.8529411764705882,0.09090909090909091,1.0,False
fc_openrouter_gpt_oss_120b,traj_020,75,0.7941176470588235,0.8529411764705882,0.09090909090909091,1.0,False
fc_openrouter_gpt_oss_120b,traj_020,90,0.7941176470588235,0.8529411764705882,0.09090909090909091,1.0,False
fc_openrouter_gpt_oss_120b,traj_020,105,0.7941176470588235,0.8529411764705882,0.09090909090909091,1.0,False
fc_openrouter_gpt_oss_120b,traj_020,120,0.7941176470588235,0.8529411764705882,0.09090909090909091,0.5,False
fc_openrouter_gpt_oss_120b,traj_020,135,0.8823529411764706,0.8823529411764706,0.125,0.3333333333333333,False
fc_openrouter_gpt_oss_120b,traj_020,150,0.7352941176470589,0.8529411764705882,0.09090909090909091,0.3333333333333333,False
fc_openrouter_gpt_oss_120b,traj_020,165,0.7941176470588235,0.8529411764705882,0.08333333333333333,0.25,False
fc_openrouter_gpt_oss_120b,traj_020,180,0.7058823529411765,0.8529411764705882,0.0,0.0,False
fc_openrouter_gpt_oss_120b,traj_020,195,0.7058823529411765,0.8529411764705882,0.06666666666666667,0.25,False
fc_openrouter_gpt_oss_120b,traj_020,210,0.7058823529411765,0.8529411764705882,0.06666666666666667,0.3333333333333333,False
fc_openrouter_gpt_oss_120b,traj_020,225,0.6764705882352942,0.8529411764705882,0.06666666666666667,0.16666666666666666,False
fc_openrouter_gpt_oss_120b,traj_020,240,0.7352941176470589,0.8235294117647058,0.0625,0.14285714285714285,False
fc_openrouter_gpt_oss_120b,traj_020,255,0.6176470588235294,0.8529411764705882,0.1875,0.3,False
fc_openrouter_gpt_oss_120b,traj_020,270,0.6764705882352942,0.7647058823529411,0.05263157894736842,0.25,False
fc_openrouter_gpt_oss_120b,traj_020,285,0.7352941176470589,0.7647058823529411,0.0,0.0,False
fc_openrouter_gpt_oss_120b,traj_020,300,0.5882352941176471,0.7352941176470589,0.0,0.0,False
