method_id,trajectory_id,final_state_accuracy,dynamic_path_final_state_accuracy,value_accuracy,status_accuracy,changed_state_accuracy,unchanged_state_accuracy,exact_state_match,change_detection_precision,change_detection_recall,change_detection_f1,correct_change_precision,correct_change_recall,correct_change_f1,evidence_hit_rate,evidence_citation_precision
fc_openrouter_gpt_oss_120b,traj_001,0.6176470588235294,0.482,0.6264705882352941,0.8323529411764705,0.06676470588235295,0.9970588235294118,0.0,0.5416666666666666,0.12584500466853407,0.1840313192401293,0.15,0.06676470588235295,0.085421888053467,0.03,0.09090909090909091
fc_openrouter_gpt_oss_120b,traj_002,0.6897058823529412,0.588,0.7147058823529412,0.8720588235294118,0.14012896825396826,0.9560315332815332,0.05,0.5730555555555555,0.20839285714285713,0.2542471270559506,0.3461111111111111,0.14012896825396826,0.16755738705738704,0.10089285714285715,0.2357142857142857
fc_openrouter_gpt_oss_120b,traj_003,0.6088235294117647,0.502,0.6455882352941177,0.8485294117647059,0.16803125237335764,0.9011466867101878,0.0,0.7139880952380953,0.3390743905217589,0.4378249674302306,0.34235119047619045,0.16803125237335764,0.21368378697326065,0.07533910533910533,0.20964912280701756
fc_openrouter_gpt_oss_120b,traj_004,0.5970588235294118,0.454,0.6147058823529412,0.8014705882352942,0.07121212121212121,0.9958333333333333,0.0,0.74,0.09910524417103364,0.16211277081851855,0.32,0.07121212121212121,0.11074074074074074,0.0,0.0
fc_openrouter_gpt_oss_120b,traj_005,0.6058823529411764,0.466,0.6176470588235294,0.8147058823529412,0.05746839525283798,0.9964285714285714,0.0,0.625,0.08730585655314757,0.1435882897295941,0.4141666666666667,0.05746839525283798,0.0940556967187402,0.03249355005159959,0.3
fc_openrouter_gpt_oss_120b,traj_006,0.6588235294117647,0.536,0.6794117647058824,0.8838235294117647,0.06049560733384263,0.9901778711484593,0.0,0.9,0.09168178227001757,0.16418923182081077,0.625,0.06049560733384263,0.10892768780926676,0.04810064935064935,0.4
fc_openrouter_gpt_oss_120b,traj_007,0.7823529411764706,0.7040000000000001,0.8205882352941176,0.9014705882352941,0.0,1.0,0.05,0.0,0.0,0.0,0.0,0.0,0.0,0.0,
fc_openrouter_gpt_oss_120b,traj_008,0.6911764705882353,0.584,0.7058823529411765,0.8985294117647059,0.062146464646464644,0.9905231481481481,0.0,0.7166666666666667,0.12356402369560264,0.20736103765515532,0.325,0.062146464646464644,0.10249462955345308,0.025616883116883118,0.125
fc_openrouter_gpt_oss_120b,traj_009,0.6485294117647059,0.538,0.6705882352941177,0.8470588235294118,0.08963203463203463,0.9461127291218825,0.0,0.7196428571428571,0.1598133116883117,0.24351207959567092,0.4976190476190476,0.08963203463203463,0.14509950403913252,0.05946969696969697,0.4154761904761905
fc_openrouter_gpt_oss_120b,traj_010,0.6147058823529412,0.484,0.6514705882352941,0.8279411764705882,0.07044690603514132,0.98154899717324,0.0,0.7,0.08150496562261268,0.13902495603811393,0.5666666666666667,0.07044690603514132,0.11880273381589171,0.009453781512605041,0.1875
fc_openrouter_gpt_oss_120b,traj_011,0.6735294117647059,0.556,0.7558823529411764,0.8573529411764705,0.0043859649122807015,0.9978260869565218,0.05,0.125,0.012679425837320573,0.02277327935222672,0.05,0.0043859649122807015,0.008097165991902834,0.0,0.0
fc_openrouter_gpt_oss_120b,traj_012,0.6647058823529411,0.548,0.7264705882352941,0.8691176470588236,0.036779448621553884,0.9902534113060428,0.05,0.5333333333333333,0.05783208020050125,0.10144444026634022,0.3416666666666667,0.036779448621553884,0.06477931253473049,0.007518796992481203,0.038461538461538464
fc_openrouter_gpt_oss_120b,traj_013,0.7544117647058823,0.684,0.775,0.8794117647058823,0.15127858252858253,0.9742416343720691,0.0,0.6891666666666667,0.20372849372849372,0.3029026090868196,0.5375,0.15127858252858253,0.22604781183728553,0.06037448662448663,0.2549019607843137
fc_openrouter_gpt_oss_120b,traj_014,0.6970588235294117,0.588,0.7220588235294118,0.9044117647058824,0.08351132119514472,1.0,0.0,0.85,0.11022594643918174,0.18271657865698113,0.5,0.08351132119514472,0.13322362278244632,0.014930555555555555,0.14583333333333334
fc_openrouter_gpt_oss_120b,traj_015,0.6676470588235294,0.5720000000000001,0.6985294117647058,0.9088235294117647,0.20354258314784632,0.9006530876515572,0.05,0.5990800865800866,0.4270749718118139,0.4820309660096484,0.23966450216450216,0.20354258314784632,0.20765416619324845,0.14542606516290726,0.22456140350877193
fc_openrouter_gpt_oss_120b,traj_016,0.6397058823529412,0.53,0.6852941176470588,0.8720588235294118,0.12329720116484823,0.9361225720854877,0.0,0.6938095238095238,0.37568439730204434,0.4709164867579727,0.2288095238095238,0.12329720116484823,0.15596502227074344,0.012142857142857143,0.022222222222222223
fc_openrouter_gpt_oss_120b,traj_017,0.7058823529411764,0.618,0.7529411764705882,0.8735294117647059,0.0035714285714285713,0.9519212454212455,0.0,0.5204578754578755,0.21769411144411144,0.2870263800526958,0.0125,0.0035714285714285713,0.005555555555555556,0.0,0.0
fc_openrouter_gpt_oss_120b,traj_018,0.775,0.6960000000000001,0.7926470588235295,0.9264705882352942,0.0,0.9979166666666667,0.0,0.25,0.048989898989898986,0.07833333333333334,0.0,0.0,0.0,0.0,0.0
fc_openrouter_gpt_oss_120b,traj_019,0.7338235294117648,0.644,0.7441176470588236,0.8705882352941177,0.032916666666666664,0.9934545454545455,0.0,0.8125,0.23102564102564102,0.35274142524142527,0.09583333333333333,0.032916666666666664,0.04879329004329005,0.008333333333333333,0.0392156862745098
fc_openrouter_gpt_oss_120b,traj_020,0.6529411764705882,0.534,0.7602941176470588,0.8455882352941176,0.08986044657097289,0.9840338164251208,0.0,0.8308333333333333,0.14354152426520847,0.2275549304496673,0.6308333333333334,0.08986044657097289,0.14943471732945418,0.06782097288676237,0.43664021164021166
